"to","from","project_id"
"Agricultural Coalitions:...","SJCDWQC","50122"
"Anchor QEA","SFSU","49780"
"Anchor QEA","USFWS","49780"
"Anchor QEA","DWR","49780"
"SFSU","USFWS","49780"
"DWR","SFSU","49780"
"DWR","USFWS","49780"
"DWR","USFWS","50084"
"DWR","USFWS","50107"
"DWR","USFWS","50109"
"DWR","USFWS","50141"
"DWR","USFWS","50147"
"DWR","USFWS","50148"
"DWR","USFWS","50164"
"DWR","USFWS","50176"
"DWR","USFWS","50208"
"DWR","USFWS","50210"
"Anchor QEA","USGS","49865"
"Anchor QEA","SWC","49865"
"SWC","USGS","49865"
"Bachand and Associates","Hydrofocus Inc.","49860"
"Bachand and Associates","LBNL","49860"
"Bachand and Associates","RMA","49860"
"Bachand and Associates","UCLA","49860"
"Hydrofocus Inc.","LBNL","49860"
"Hydrofocus Inc.","RMA","49860"
"Hydrofocus Inc.","UCLA","49860"
"LBNL","RMA","49860"
"LBNL","UCLA","49860"
"RMA","UCLA","49860"
"BTS","USACE","50091"
"CalFish","CDFW","50170"
"DOC","USDA","50182"
"CDFW","EcoMetric Consulting","49781"
"CDFW","ICF International Inc.","49781"
"CDFW","ICF International Inc.","50215"
"CDFW","RMA","49781"
"CDFW","SWC","49781"
"CDFW","UC Davis","49781"
"CDFW","UC Davis","49782"
"CDFW","UC Davis","49783"
"CDFW","UC Davis","49797"
"CDFW","UC Davis","49807"
"CDFW","UC Davis","49812"
"CDFW","UC Davis","49873"
"CDFW","UC Davis","50093"
"CDFW","UC Davis","50145"
"CDFW","UC Davis","50210"
"CDFW","UC Davis","50215"
"CDFW","USBR","49781"
"CDFW","USBR","49782"
"CDFW","USBR","49783"
"CDFW","USBR","49937"
"CDFW","USBR","49954"
"CDFW","USBR","50077"
"CDFW","USBR","50138"
"CDFW","USBR","50141"
"CDFW","USBR","50147"
"CDFW","USBR","50148"
"CDFW","USBR","50151"
"CDFW","USBR","50153"
"CDFW","USBR","50164"
"CDFW","USBR","50174"
"CDFW","USBR","50208"
"CDFW","USBR","50210"
"CDFW","USBR","50214"
"CDFW","USBR","50215"
"EcoMetric Consulting","ICF International Inc.","49781"
"EcoMetric Consulting","RMA","49781"
"EcoMetric Consulting","SWC","49781"
"EcoMetric Consulting","UC Davis","49781"
"EcoMetric Consulting","USBR","49781"
"ICF International Inc.","RMA","49781"
"ICF International Inc.","SWC","49781"
"ICF International Inc.","UC Davis","49781"
"ICF International Inc.","UC Davis","50215"
"ICF International Inc.","USBR","49781"
"ICF International Inc.","USBR","50215"
"RMA","SWC","49781"
"RMA","UC Davis","49781"
"RMA","USBR","49781"
"SWC","UC Davis","49781"
"SWC","USBR","49781"
"USBR","UC Davis","49781"
"USBR","UC Davis","49782"
"USBR","UC Davis","49783"
"USBR","UC Davis","50210"
"USBR","UC Davis","50211"
"USBR","UC Davis","50215"
"USBR","UC Davis","50216"
"CDFW","DWR","49782"
"CDFW","DWR","49783"
"CDFW","DWR","49821"
"CDFW","DWR","49954"
"CDFW","DWR","50084"
"CDFW","DWR","50100"
"CDFW","DWR","50118"
"CDFW","DWR","50138"
"CDFW","DWR","50141"
"CDFW","DWR","50147"
"CDFW","DWR","50148"
"CDFW","DWR","50149"
"CDFW","DWR","50151"
"CDFW","DWR","50160"
"CDFW","DWR","50161"
"CDFW","DWR","50162"
"CDFW","DWR","50164"
"CDFW","DWR","50193"
"CDFW","DWR","50208"
"CDFW","DWR","50210"
"DWR","USBR","49782"
"DWR","USBR","49783"
"DWR","USBR","49924"
"DWR","USBR","49944"
"DWR","USBR","49949"
"DWR","USBR","49950"
"DWR","USBR","49952"
"DWR","USBR","49954"
"DWR","USBR","50078"
"DWR","USBR","50079"
"DWR","USBR","50080"
"DWR","USBR","50083"
"DWR","USBR","50107"
"DWR","USBR","50109"
"DWR","USBR","50138"
"DWR","USBR","50141"
"DWR","USBR","50147"
"DWR","USBR","50148"
"DWR","USBR","50151"
"DWR","USBR","50152"
"DWR","USBR","50164"
"DWR","USBR","50171"
"DWR","USBR","50176"
"DWR","USBR","50178"
"DWR","USBR","50208"
"DWR","USBR","50210"
"DWR","UC Davis","49782"
"DWR","UC Davis","49783"
"DWR","UC Davis","49875"
"DWR","UC Davis","50140"
"DWR","UC Davis","50154"
"DWR","UC Davis","50172"
"DWR","UC Davis","50210"
"CDFW","SFEI","49785"
"CDFW","SFEI","49786"
"CDFW","SFEI","50077"
"CDFW","SFEI","50112"
"CDFW","UC Berkeley","49799"
"CDFW","UC Berkeley","49878"
"CDFW","NMFS","49873"
"CDFW","NMFS","50084"
"CDFW","NMFS","50087"
"CDFW","NMFS","50094"
"CDFW","NMFS","50164"
"CDFW","NMFS","50210"
"CDFW","UCSC","49873"
"CDFW","UCSC","50210"
"NMFS","UCSC","49873"
"NMFS","UCSC","50210"
"NMFS","UC Davis","49873"
"NMFS","UC Davis","49880"
"NMFS","UC Davis","50210"
"UC Davis","UCSC","49873"
"UC Davis","UCSC","50210"
"CDFW","Central Valley Joint Ven...","49925"
"CDFW","The Nature Conservancy","49925"
"CDFW","The Nature Conservancy","50099"
"CDFW","The Nature Conservancy","50208"
"CDFW","USACE","49925"
"CDFW","USACE","50084"
"CDFW","USACE","50147"
"CDFW","USACE","50164"
"CDFW","USACE","50208"
"CDFW","USDA","49925"
"CDFW","USDA","50074"
"CDFW","USFWS","49925"
"CDFW","USFWS","49937"
"CDFW","USFWS","50084"
"CDFW","USFWS","50094"
"CDFW","USFWS","50141"
"CDFW","USFWS","50147"
"CDFW","USFWS","50148"
"CDFW","USFWS","50153"
"CDFW","USFWS","50164"
"CDFW","USFWS","50207"
"CDFW","USFWS","50208"
"CDFW","USFWS","50210"
"CDFW","USFWS","50215"
"CDFW","USGS","49925"
"CDFW","USGS","49937"
"CDFW","USGS","50147"
"CDFW","USGS","50148"
"CDFW","USGS","50164"
"CDFW","USGS","50174"
"CDFW","USGS","50208"
"CDFW","USGS","50210"
"CDFW","Point Blue Conservation...","49925"
"CDFW","Point Blue Conservation...","49937"
"CDFW","Point Blue Conservation...","50208"
"Central Valley Joint Ven...","The Nature Conservancy","49925"
"Central Valley Joint Ven...","USACE","49925"
"Central Valley Joint Ven...","USDA","49925"
"Central Valley Joint Ven...","USFWS","49923"
"Central Valley Joint Ven...","USFWS","49925"
"Central Valley Joint Ven...","USGS","49925"
"Central Valley Joint Ven...","Point Blue Conservation...","49923"
"Central Valley Joint Ven...","Point Blue Conservation...","49925"
"The Nature Conservancy","USACE","49925"
"The Nature Conservancy","USACE","50208"
"The Nature Conservancy","USDA","49925"
"The Nature Conservancy","USFWS","49925"
"The Nature Conservancy","USFWS","49951"
"The Nature Conservancy","USFWS","50208"
"The Nature Conservancy","USGS","49925"
"The Nature Conservancy","USGS","50175"
"The Nature Conservancy","USGS","50208"
"Point Blue Conservation...","The Nature Conservancy","49925"
"Point Blue Conservation...","The Nature Conservancy","50175"
"Point Blue Conservation...","The Nature Conservancy","50208"
"USACE","USDA","49925"
"USACE","USFWS","49925"
"USACE","USFWS","50084"
"USACE","USFWS","50147"
"USACE","USFWS","50156"
"USACE","USFWS","50164"
"USACE","USFWS","50176"
"USACE","USFWS","50208"
"USACE","USGS","49925"
"USACE","USGS","50147"
"USACE","USGS","50156"
"USACE","USGS","50158"
"USACE","USGS","50164"
"USACE","USGS","50171"
"USACE","USGS","50176"
"USACE","USGS","50198"
"USACE","USGS","50208"
"Point Blue Conservation...","USACE","49925"
"Point Blue Conservation...","USACE","50208"
"USDA","USFWS","49925"
"USDA","USFWS","50187"
"USDA","USGS","49925"
"USDA","USGS","50187"
"Point Blue Conservation...","USDA","49925"
"USFWS","USGS","49925"
"USFWS","USGS","49937"
"USFWS","USGS","49941"
"USFWS","USGS","50113"
"USFWS","USGS","50147"
"USFWS","USGS","50148"
"USFWS","USGS","50156"
"USFWS","USGS","50164"
"USFWS","USGS","50176"
"USFWS","USGS","50187"
"USFWS","USGS","50208"
"USFWS","USGS","50210"
"Point Blue Conservation...","USFWS","49923"
"Point Blue Conservation...","USFWS","49925"
"Point Blue Conservation...","USFWS","49937"
"Point Blue Conservation...","USFWS","50208"
"Point Blue Conservation...","USGS","49925"
"Point Blue Conservation...","USGS","49937"
"Point Blue Conservation...","USGS","50175"
"Point Blue Conservation...","USGS","50208"
"CDFW","BLM","49937"
"CDFW","DoD","49937"
"BLM","USBR","49937"
"BLM","DoD","49937"
"BLM","DoD","50139"
"BLM","USFWS","49937"
"BLM","USFWS","49941"
"BLM","USGS","49937"
"BLM","USGS","49941"
"Point Blue Conservation...","BLM","49937"
"USBR","DoD","49937"
"USBR","USFWS","49937"
"USBR","USFWS","50107"
"USBR","USFWS","50109"
"USBR","USFWS","50141"
"USBR","USFWS","50147"
"USBR","USFWS","50148"
"USBR","USFWS","50153"
"USBR","USFWS","50164"
"USBR","USFWS","50176"
"USBR","USFWS","50187"
"USBR","USFWS","50208"
"USBR","USFWS","50210"
"USBR","USFWS","50213"
"USBR","USFWS","50215"
"USBR","USGS","49937"
"USBR","USGS","49950"
"USBR","USGS","50083"
"USBR","USGS","50108"
"USBR","USGS","50147"
"USBR","USGS","50148"
"USBR","USGS","50164"
"USBR","USGS","50171"
"USBR","USGS","50174"
"USBR","USGS","50176"
"USBR","USGS","50187"
"USBR","USGS","50208"
"USBR","USGS","50210"
"Point Blue Conservation...","USBR","49937"
"Point Blue Conservation...","USBR","50208"
"DoD","USFWS","49937"
"DoD","USGS","49937"
"Point Blue Conservation...","DoD","49937"
"CDFW","NASA","50074"
"CDFW","PARKS","50074"
"CDFW","PARKS","50118"
"NASA","USDA","50074"
"PARKS","NASA","50074"
"PARKS","USDA","50074"
"PARKS","USDA","50173"
"SFEI","USBR","49924"
"SFEI","USBR","49950"
"SFEI","USBR","50077"
"CDFW","CalEPA","50084"
"CDFW","SWRCB","50084"
"CDFW","SWRCB","50112"
"CDFW","SWRCB","50145"
"CDFW","SWRCB","50147"
"CDFW","SWRCB","50148"
"CDFW","SWRCB","50164"
"CDFW","Delta Stewardship Counci...","50084"
"CDFW","Delta Stewardship Counci...","50210"
"CDFW","USEPA","50084"
"CDFW","USEPA","50147"
"CDFW","USEPA","50148"
"CDFW","USEPA","50164"
"CDFW","East Bay Municipal Utili...","50084"
"CDFW","East Bay Municipal Utili...","50116"
"CDFW","East Bay Municipal Utili...","50141"
"DWR","CalEPA","50084"
"DWR","SWRCB","49924"
"DWR","SWRCB","49952"
"DWR","SWRCB","50084"
"DWR","SWRCB","50126"
"DWR","SWRCB","50140"
"DWR","SWRCB","50147"
"DWR","SWRCB","50148"
"DWR","SWRCB","50164"
"DWR","SWRCB","50176"
"DWR","Delta Stewardship Counci...","50084"
"DWR","Delta Stewardship Counci...","50210"
"DWR","NMFS","50084"
"DWR","NMFS","50107"
"DWR","NMFS","50109"
"DWR","NMFS","50164"
"DWR","NMFS","50176"
"DWR","NMFS","50210"
"DWR","USACE","50084"
"DWR","USACE","50096"
"DWR","USACE","50097"
"DWR","USACE","50147"
"DWR","USACE","50158"
"DWR","USACE","50164"
"DWR","USACE","50171"
"DWR","USACE","50176"
"DWR","USACE","50198"
"DWR","USACE","50199"
"DWR","USACE","50208"
"DWR","USEPA","50084"
"DWR","USEPA","50147"
"DWR","USEPA","50148"
"DWR","USEPA","50164"
"DWR","USEPA","50176"
"DWR","East Bay Municipal Utili...","50084"
"DWR","East Bay Municipal Utili...","50141"
"CalEPA","SWRCB","50084"
"CalEPA","Delta Stewardship Counci...","50084"
"CalEPA","NMFS","50084"
"CalEPA","USACE","50084"
"CalEPA","USEPA","50084"
"CalEPA","USFWS","50084"
"CalEPA","East Bay Municipal Utili...","50084"
"SWRCB","Delta Stewardship Counci...","50084"
"SWRCB","NMFS","50084"
"SWRCB","NMFS","50164"
"SWRCB","NMFS","50176"
"SWRCB","USACE","50084"
"SWRCB","USACE","50147"
"SWRCB","USACE","50164"
"SWRCB","USACE","50176"
"SWRCB","USEPA","50084"
"SWRCB","USEPA","50144"
"SWRCB","USEPA","50147"
"SWRCB","USEPA","50148"
"SWRCB","USEPA","50164"
"SWRCB","USEPA","50176"
"SWRCB","USEPA","50180"
"SWRCB","USFWS","49923"
"SWRCB","USFWS","50084"
"SWRCB","USFWS","50147"
"SWRCB","USFWS","50148"
"SWRCB","USFWS","50164"
"SWRCB","USFWS","50176"
"SWRCB","East Bay Municipal Utili...","50084"
"Delta Stewardship Counci...","NMFS","50084"
"Delta Stewardship Counci...","NMFS","50210"
"Delta Stewardship Counci...","USACE","50084"
"Delta Stewardship Counci...","USEPA","50084"
"Delta Stewardship Counci...","USFWS","50084"
"Delta Stewardship Counci...","USFWS","50210"
"Delta Stewardship Counci...","East Bay Municipal Utili...","50084"
"NMFS","USACE","50084"
"NMFS","USACE","50164"
"NMFS","USACE","50176"
"NMFS","USEPA","50084"
"NMFS","USEPA","50164"
"NMFS","USEPA","50176"
"NMFS","USFWS","50084"
"NMFS","USFWS","50094"
"NMFS","USFWS","50107"
"NMFS","USFWS","50109"
"NMFS","USFWS","50164"
"NMFS","USFWS","50176"
"NMFS","USFWS","50210"
"East Bay Municipal Utili...","NMFS","50084"
"USACE","USEPA","50084"
"USACE","USEPA","50147"
"USACE","USEPA","50164"
"USACE","USEPA","50176"
"East Bay Municipal Utili...","USACE","50084"
"USEPA","USFWS","49941"
"USEPA","USFWS","50081"
"USEPA","USFWS","50084"
"USEPA","USFWS","50147"
"USEPA","USFWS","50148"
"USEPA","USFWS","50164"
"USEPA","USFWS","50176"
"USEPA","USFWS","50187"
"East Bay Municipal Utili...","USEPA","50084"
"East Bay Municipal Utili...","USFWS","50084"
"East Bay Municipal Utili...","USFWS","50141"
"CDFW","California State Coastal...","50094"
"CDFW","PSMFC","50087"
"CDFW","PSMFC","50094"
"CDFW","PSMFC","50137"
"CDFW","PSMFC","50142"
"CDFW","PSMFC","50214"
"California State Coastal...","NMFS","50094"
"California State Coastal...","USFWS","50094"
"California State Coastal...","PSMFC","50094"
"NMFS","PSMFC","50087"
"NMFS","PSMFC","50094"
"PSMFC","USFWS","50094"
"CDFW","OEHHA","50112"
"CDFW","SCCWRP","50112"
"CDFW","SCCWRP","50135"
"OEHHA","SWRCB","50112"
"OEHHA","SFEI","50112"
"OEHHA","SCCWRP","50112"
"SWRCB","SFEI","49923"
"SWRCB","SFEI","49924"
"SWRCB","SFEI","50112"
"SWRCB","SCCWRP","50112"
"SFEI","SCCWRP","50112"
"CDFW","CDFA","50118"
"CDFW","DPR","50118"
"CDFW","DPR","50145"
"CDFA","PARKS","50118"
"CDFA","DPR","50081"
"CDFA","DPR","50118"
"CDFA","DWR","50118"
"PARKS","DPR","50118"
"PARKS","DWR","50118"
"DPR","DWR","50118"
"DPR","DWR","50140"
"CDFW","CSU","50135"
"CDFW","MLML","50135"
"CSU","MLML","50135"
"CSU","SCCWRP","50135"
"MLML","SCCWRP","50135"
"CDFW","Western Ecosystems Techn...","50137"
"PSMFC","Western Ecosystems Techn...","50137"
"CDFW","Fishery Foundation of Ca...","50141"
"CDFW","Yuba River Management Te...","50141"
"DWR","Fishery Foundation of Ca...","50141"
"DWR","Yuba River Management Te...","50141"
"East Bay Municipal Utili...","Fishery Foundation of Ca...","50141"
"East Bay Municipal Utili...","USBR","50141"
"East Bay Municipal Utili...","Yuba River Management Te...","50141"
"Fishery Foundation of Ca...","USBR","50141"
"Fishery Foundation of Ca...","USFWS","50141"
"Fishery Foundation of Ca...","Yuba River Management Te...","50141"
"USBR","Yuba River Management Te...","50141"
"USFWS","Yuba River Management Te...","50141"
"CDFW","NOAA","49942"
"CDFW","NOAA","50143"
"CDFW","NOAA","50147"
"CDFW","NOAA","50148"
"CDFW","SMC","50145"
"DPR","SWRCB","50140"
"DPR","SWRCB","50145"
"DPR","SWRCB","50180"
"DPR","SMC","50145"
"DPR","UC Davis","50140"
"DPR","UC Davis","50145"
"SWRCB","SMC","50145"
"SWRCB","UC Davis","50140"
"SWRCB","UC Davis","50145"
"SMC","UC Davis","50145"
"DWR","NOAA","50083"
"DWR","NOAA","50147"
"DWR","NOAA","50148"
"DWR","NOAA","50158"
"DWR","NOAA","50171"
"DWR","USGS","49950"
"DWR","USGS","50076"
"DWR","USGS","50083"
"DWR","USGS","50128"
"DWR","USGS","50140"
"DWR","USGS","50147"
"DWR","USGS","50148"
"DWR","USGS","50158"
"DWR","USGS","50164"
"DWR","USGS","50171"
"DWR","USGS","50176"
"DWR","USGS","50198"
"DWR","USGS","50208"
"DWR","USGS","50210"
"SWRCB","NOAA","50144"
"SWRCB","NOAA","50147"
"SWRCB","NOAA","50148"
"SWRCB","USBR","49924"
"SWRCB","USBR","49952"
"SWRCB","USBR","50147"
"SWRCB","USBR","50148"
"SWRCB","USBR","50164"
"SWRCB","USBR","50176"
"SWRCB","USGS","50140"
"SWRCB","USGS","50147"
"SWRCB","USGS","50148"
"SWRCB","USGS","50164"
"SWRCB","USGS","50176"
"SWRCB","USGS","50180"
"NOAA","USACE","50147"
"NOAA","USACE","50158"
"NOAA","USACE","50171"
"NOAA","USBR","50083"
"NOAA","USBR","50147"
"NOAA","USBR","50148"
"NOAA","USBR","50171"
"NOAA","USBR","50187"
"NOAA","USEPA","50144"
"NOAA","USEPA","50147"
"NOAA","USEPA","50148"
"NOAA","USEPA","50187"
"NOAA","USFWS","50147"
"NOAA","USFWS","50148"
"NOAA","USFWS","50187"
"NOAA","USGS","49938"
"NOAA","USGS","50083"
"NOAA","USGS","50147"
"NOAA","USGS","50148"
"NOAA","USGS","50158"
"NOAA","USGS","50171"
"NOAA","USGS","50187"
"USACE","USBR","50147"
"USACE","USBR","50164"
"USACE","USBR","50171"
"USACE","USBR","50176"
"USACE","USBR","50208"
"USBR","USEPA","50147"
"USBR","USEPA","50148"
"USBR","USEPA","50164"
"USBR","USEPA","50176"
"USBR","USEPA","50187"
"USEPA","USGS","49941"
"USEPA","USGS","50098"
"USEPA","USGS","50147"
"USEPA","USGS","50148"
"USEPA","USGS","50164"
"USEPA","USGS","50176"
"USEPA","USGS","50180"
"USEPA","USGS","50187"
"NMFS","USBR","50107"
"NMFS","USBR","50109"
"NMFS","USBR","50164"
"NMFS","USBR","50176"
"NMFS","USBR","50210"
"NMFS","USGS","50164"
"NMFS","USGS","50176"
"NMFS","USGS","50210"
"CDFW","CNRA","50100"
"CDFW","CNRA","50208"
"CDFW","Ducks Unlimited","50208"
"DWR","CNRA","50100"
"DWR","CNRA","50208"
"DWR","Ducks Unlimited","50208"
"DWR","Point Blue Conservation...","50208"
"DWR","The Nature Conservancy","50208"
"CNRA","Ducks Unlimited","50208"
"CNRA","Point Blue Conservation...","50208"
"CNRA","The Nature Conservancy","50208"
"CNRA","USACE","50208"
"CNRA","USBR","50208"
"CNRA","USFWS","50208"
"CNRA","USGS","50208"
"Ducks Unlimited","Point Blue Conservation...","50208"
"Ducks Unlimited","The Nature Conservancy","50208"
"Ducks Unlimited","USACE","50208"
"Ducks Unlimited","USBR","50208"
"Ducks Unlimited","USFWS","50208"
"Ducks Unlimited","USGS","50208"
"The Nature Conservancy","USBR","50208"
"DWR","UCSC","50210"
"Delta Stewardship Counci...","USGS","49809"
"Delta Stewardship Counci...","USGS","50210"
"Delta Stewardship Counci...","UC Davis","50210"
"Delta Stewardship Counci...","UCSC","50210"
"Delta Stewardship Counci...","USBR","50210"
"USFWS","UC Davis","50210"
"USFWS","UC Davis","50215"
"USFWS","UCSC","50210"
"USGS","UC Davis","49857"
"USGS","UC Davis","49868"
"USGS","UC Davis","49872"
"USGS","UC Davis","49879"
"USGS","UC Davis","50140"
"USGS","UC Davis","50210"
"USGS","UCSC","49805"
"USGS","UCSC","49882"
"USGS","UCSC","50210"
"USBR","UCSC","50210"
"PSMFC","USBR","50212"
"PSMFC","USBR","50214"
"ICF International Inc.","USFWS","50215"
"CDFA","USEPA","50081"
"CDFA","USFWS","50081"
"DPR","USEPA","50081"
"DPR","USEPA","50082"
"DPR","USEPA","50180"
"DPR","USFWS","50081"
"CALFIRE","UC Berkeley","50204"
"CALFIRE","DWR","50204"
"DWR","UC Berkeley","50204"
"PARKS","BCDC","50102"
"PARKS","SFSU","50102"
"PARKS","Solano Land Trust","50102"
"PARKS","NOAA","50102"
"BCDC","SFSU","50102"
"BCDC","Solano Land Trust","50102"
"NOAA","BCDC","50102"
"SFSU","Solano Land Trust","50102"
"NOAA","SFSU","50102"
"NOAA","Solano Land Trust","50102"
"PARKS","Sacramento-San Joaquin D...","50173"
"PARKS","UC Davis","50173"
"Sacramento-San Joaquin D...","USDA","50173"
"Sacramento-San Joaquin D...","UC Davis","50173"
"USDA","UC Davis","50173"
"DPR","USGS","49816"
"DPR","USGS","50140"
"DPR","USGS","50180"
"DPR","UC Riverside","49816"
"USGS","UC Riverside","49816"
"DPR","Lawrence Livermore Natio...","50140"
"DWR","Lawrence Livermore Natio...","50140"
"SWRCB","Lawrence Livermore Natio...","50140"
"Lawrence Livermore Natio...","USGS","50140"
"Lawrence Livermore Natio...","UC Davis","50140"
"CDPH","USGS","50197"
"DOC","CDPH","50197"
"DOC","USGS","50194"
"DOC","USGS","50195"
"DOC","USGS","50197"
"DWR","Michigan State Universit...","49862"
"DWR","SFEI","49924"
"DWR","SFEI","49950"
"DWR","Regional San","49950"
"Regional San","SFEI","49950"
"Regional San","USBR","49950"
"Regional San","USGS","49950"
"SFEI","USGS","49779"
"SFEI","USGS","49787"
"SFEI","USGS","49805"
"SFEI","USGS","49809"
"SFEI","USGS","49857"
"SFEI","USGS","49950"
"SFEI","USGS","50156"
"SFEI","USGS","50177"
"SFEI","USGS","50192"
"DWR","CCWD","50076"
"CCWD","USGS","50076"
"DWR","DFG","50107"
"DWR","DFG","50109"
"DWR","DFG","50161"
"DWR","DFG","50162"
"DWR","DFG","50176"
"DFG","NMFS","50107"
"DFG","NMFS","50109"
"DFG","NMFS","50176"
"DFG","USFWS","50107"
"DFG","USFWS","50109"
"DFG","USFWS","50176"
"DFG","USBR","50107"
"DFG","USBR","50109"
"DFG","USBR","50176"
"DWR","Central Valley RWQCB","50126"
"SWRCB","Central Valley RWQCB","50126"
"DWR","California Rice Commissi...","50128"
"California Rice Commissi...","USGS","50128"
"CDFW","DFG","50090"
"CDFW","DFG","50161"
"CDFW","DFG","50162"
"SWRCB","DFG","50176"
"DFG","USACE","50176"
"DFG","USEPA","50176"
"DFG","USGS","50176"
"DWR","NASA","50198"
"NASA","USACE","50198"
"NASA","USGS","50175"
"NASA","USGS","50198"
"DWR","UCSD","50199"
"USACE","UCSD","50199"
"Caltech","CWU","50188"
"Caltech","LBNL","50188"
"Caltech","UW","50188"
"Caltech","USGS","50188"
"CWU","LBNL","50188"
"CWU","UW","50188"
"CWU","USGS","50188"
"LBNL","UW","50188"
"LBNL","USGS","50188"
"USGS","UW","49803"
"USGS","UW","50188"
"California Institute of...","NASA","50130"
"CALCC","NASA","50175"
"CALCC","Southwest Climate Adapta...","50175"
"CALCC","The Nature Conservancy","50175"
"CALCC","USGS","50175"
"CALCC","Point Blue Conservation...","50175"
"NASA","Southwest Climate Adapta...","50175"
"NASA","The Nature Conservancy","50175"
"NASA","Point Blue Conservation...","50175"
"Southwest Climate Adapta...","The Nature Conservancy","50175"
"Southwest Climate Adapta...","USGS","50175"
"Point Blue Conservation...","Southwest Climate Adapta...","50175"
"California State Board o...","SWRCB","50105"
"CSLC","NOAA","49942"
"CDFW","CSLC","49942"
"SWRCB","Central Valley Joint Ven...","49923"
"SWRCB","Point Blue Conservation...","49923"
"SWRCB","Sacramento-San Joaquin D...","49923"
"Central Valley Joint Ven...","Sacramento-San Joaquin D...","49923"
"Central Valley Joint Ven...","SFEI","49923"
"Point Blue Conservation...","Sacramento-San Joaquin D...","49923"
"Point Blue Conservation...","SFEI","49923"
"Sacramento-San Joaquin D...","SFEI","49923"
"Sacramento-San Joaquin D...","USFWS","49923"
"SFEI","USFWS","49923"
"SFEI","USFWS","50156"
"SWRCB","California Water Board -...","50117"
"PARKS","SWRCB","50165"
"CVFPB","USACE","50096"
"DWR","CVFPB","50096"
"Chapman University","Santa Clara University","52581"
"Chapman University","Utah State University","52581"
"Chapman University","Purdue University","52581"
"Chapman University","Suisun Resource Conserva...","52581"
"Santa Clara University","Utah State University","52581"
"Santa Clara University","Purdue University","52581"
"Santa Clara University","Suisun Resource Conserva...","52581"
"Utah State University","Purdue University","52581"
"Suisun Resource Conserva...","Utah State University","49872"
"Suisun Resource Conserva...","Utah State University","52581"
"Suisun Resource Conserva...","Purdue University","52581"
"CAMT","Delta Conservancy","49791"
"CAMT","SFEI","49791"
"Delta Conservancy","SFEI","49791"
"Conservation Farms and R...","Hydrofocus Inc.","49790"
"Conservation Farms and R...","The Nature Conservancy","49790"
"Conservation Farms and R...","UC Merced","49790"
"Conservation Farms and R...","SFEI","49790"
"Hydrofocus Inc.","The Nature Conservancy","49790"
"Hydrofocus Inc.","UC Merced","49790"
"Hydrofocus Inc.","SFEI","49779"
"Hydrofocus Inc.","SFEI","49790"
"The Nature Conservancy","UC Merced","49790"
"SFEI","The Nature Conservancy","49790"
"SFEI","UC Merced","49790"
"Cramer Fish Sciences","USBR","49894"
"Delta Stewardship Counci...","Sacramento-San Joaquin D...","49784"
"Delta Stewardship Counci...","SFEI","49788"
"Delta Stewardship Counci...","SFEI","49809"
"DRI","NOAA","50179"
"FESSRO","NOAA","50158"
"FESSRO","USACE","50158"
"FESSRO","USGS","50158"
"DWR","FESSRO","50158"
"Hydrofocus Inc.","USGS","49779"
"Hydrofocus Inc.","University of South Caro...","49779"
"USGS","University of South Caro...","49779"
"SFEI","University of South Caro...","49779"
"Hydrofocus Inc.","UC Berkeley","49793"
"LBNL","UC Merced","49870"
"Manomet Inc.","Suisun Resource Conserva...","49872"
"Manomet Inc.","USGS","49872"
"Manomet Inc.","Utah State University","49872"
"Manomet Inc.","UC Davis","49872"
"Suisun Resource Conserva...","USGS","49872"
"Suisun Resource Conserva...","UC Davis","49872"
"USGS","Utah State University","49872"
"UC Davis","Utah State University","49872"
"Metropolitan Water Distr...","UC Davis","49798"
"MLML","SFEI","49792"
"RMP","MLML","49792"
"RMP","SFEI","49792"
"NASA","NOAA","50106"
"NASA","USFS","50106"
"NASA","DOEBER","50106"
"NOAA","USFS","50106"
"NOAA","DOEBER","50106"
"DOEBER","USFS","50106"
"NASS","NOAA","50187"
"NASS","USBR","50187"
"NASS","U.S. Census Bureau","50187"
"NASS","USDA","50187"
"NASS","USDA","50203"
"NASS","DOE","50187"
"NASS","EIA","50187"
"NASS","USEPA","50187"
"NASS","USFWS","50187"
"NASS","WSWC","50187"
"NASS","ICWP","50187"
"NASS","USGS","50187"
"NOAA","U.S. Census Bureau","50187"
"NOAA","USDA","50187"
"NOAA","DOE","50187"
"NOAA","EIA","50187"
"NOAA","WSWC","50187"
"NOAA","ICWP","50187"
"USBR","U.S. Census Bureau","50187"
"USBR","USDA","50187"
"USBR","DOE","50187"
"USBR","EIA","50187"
"USBR","WSWC","50187"
"USBR","ICWP","50187"
"U.S. Census Bureau","USDA","50187"
"U.S. Census Bureau","DOE","50187"
"U.S. Census Bureau","EIA","50187"
"U.S. Census Bureau","USEPA","50187"
"U.S. Census Bureau","USFWS","50187"
"U.S. Census Bureau","WSWC","50187"
"U.S. Census Bureau","ICWP","50187"
"U.S. Census Bureau","USGS","50187"
"USDA","DOE","50187"
"USDA","EIA","50187"
"USDA","USEPA","50187"
"USDA","WSWC","50187"
"USDA","ICWP","50187"
"DOE","EIA","50187"
"DOE","USEPA","50187"
"DOE","USFWS","50187"
"DOE","WSWC","50187"
"DOE","ICWP","50187"
"DOE","USGS","50187"
"EIA","USEPA","50187"
"EIA","USFWS","50187"
"EIA","WSWC","50187"
"EIA","ICWP","50187"
"EIA","USGS","50187"
"USEPA","WSWC","50187"
"USEPA","ICWP","50187"
"USFWS","WSWC","50187"
"USFWS","ICWP","50187"
"WSWC","ICWP","50187"
"USGS","WSWC","50187"
"USGS","ICWP","50187"
"NAIP","USDA","50183"
"NAIP","Land IQ","50183"
"USDA","Land IQ","50183"
"National Audubon Society","BLM","49941"
"National Audubon Society","USEPA","49941"
"National Audubon Society","USFWS","49941"
"National Audubon Society","USFWS","49951"
"National Audubon Society","USFS","49941"
"National Audubon Society","USGS","49941"
"BLM","USEPA","49941"
"BLM","USFS","49941"
"USEPA","USFS","49941"
"USEPA","USFS","50111"
"USFWS","USFS","49941"
"USFS","USGS","49941"
"National Audubon Society","NSF","49951"
"National Audubon Society","The Nature Conservancy","49951"
"Cornell University - Lab...","National Audubon Society","49951"
"NSF","The Nature Conservancy","49951"
"NSF","USFWS","49951"
"Cornell University - Lab...","NSF","49951"
"Cornell University - Lab...","The Nature Conservancy","49951"
"Cornell University - Lab...","USFWS","49951"
"NMFS","UCSD","49880"
"UC Davis","UCSD","49880"
"NOAA","UCSC","49796"
"National Wetlands Invent...","USFWS","50191"
"NatureServe","The Nature Conservancy","50099"
"CDFW","NatureServe","50099"
"NOAA","Northwest Alliance for C...","50200"
"RMA","USGS","49787"
"RMA","USGS","49856"
"RMA","SFEI","49787"
"RMA","SFSU","49859"
"Audubon Canyon Ranch","San Francisco Bay Bird O...","49926"
"SFEI","UCSC","49805"
"SFEI","SFSU","49809"
"SFSU","USGS","49809"
"Delta Stewardship Counci...","SFSU","49809"
"SFEI","UC Davis","49857"
"SFEI","Texas A&M","49881"
"SFEI","USEPA","49881"
"SFEI","UCSB","49881"
"Texas A&M","USEPA","49881"
"Texas A&M","UCSB","49881"
"USEPA","UCSB","49881"
"SFEI","Stanford University","49883"
"SFEI","USACE","50156"
"SJCDWQC","San Joaquin County Resou...","50121"
"DWR","San Joaquin Valley Drain...","50071"
"SMC","USEPA","50111"
"SMC","USFS","50111"
"BIA","BLM","50139"
"BIA","USDA","50139"
"BIA","DoD","50139"
"BIA","NPS","50139"
"BLM","USDA","50139"
"BLM","NPS","50139"
"USDA","DoD","50139"
"USDA","NPS","50139"
"DoD","NPS","50139"
"Pacific Flyway Council","USFWS","50157"
"USGS","UC Merced","49806"
"USGS","UBC","49861"
"USGS","UC Berkeley","49861"
"CSU","USGS","49861"
"CSU","USGS","49877"
"UBC","UC Berkeley","49861"
"CSU","UBC","49861"
"CSU","UC Berkeley","49861"
"Oregon State University","USGS","49868"
"Oregon State University","UC Davis","49868"
"UC Davis","Woodland-Davis Clean Wat...","50133"
"UC Davis","UC Merced","49858"
"UC Davis","University of Kansas","49867"
"USBR","UW","50209"
