"name","proj_name","mode","startdate","enddate","funds","n_years","sci_theme","mgmt_theme","url"
"50122","SJCDWQC Groundwater Quality Trend Monitoring",1,2008,2019,"$0",12,"Environmental conditions","Water quality","https://sciencetracker.deltacouncil.ca.gov/node/50122"
"50122","SJCDWQC Groundwater Quality Trend Monitoring",1,2008,2019,"$0",12,"Environmental conditions","Water supply management","https://sciencetracker.deltacouncil.ca.gov/node/50122"
"50122","SJCDWQC Groundwater Quality Trend Monitoring",1,2008,2019,"$0",12,"Habitat changes","Water quality","https://sciencetracker.deltacouncil.ca.gov/node/50122"
"50122","SJCDWQC Groundwater Quality Trend Monitoring",1,2008,2019,"$0",12,"Habitat changes","Water supply management","https://sciencetracker.deltacouncil.ca.gov/node/50122"
"50122","SJCDWQC Groundwater Quality Trend Monitoring",1,2008,2019,"$0",12,"Land use and human activities","Water quality","https://sciencetracker.deltacouncil.ca.gov/node/50122"
"50122","SJCDWQC Groundwater Quality Trend Monitoring",1,2008,2019,"$0",12,"Land use and human activities","Water supply management","https://sciencetracker.deltacouncil.ca.gov/node/50122"
"49780","Monitoring and Evaluation of the North Delta Food Subsidies and Colusa Basin Drain Study",1,2020,2021,"$0",2,"Fish","Environmental conditions","https://sciencetracker.deltacouncil.ca.gov/node/49780"
"49780","Monitoring and Evaluation of the North Delta Food Subsidies and Colusa Basin Drain Study",1,2020,2021,"$0",2,"Fish","Native species management","https://sciencetracker.deltacouncil.ca.gov/node/49780"
"50084","Freeport Regional Water Project",1,1950,2019,"$0",70,"Environmental conditions","Water supply management","https://sciencetracker.deltacouncil.ca.gov/node/50084"
"50107","Telemetered Stream Gauge Stations [Surface Water Monitoring]",1,1976,2016,"$0",41,"Environmental conditions","Water supply management","https://sciencetracker.deltacouncil.ca.gov/node/50107"
"50107","Telemetered Stream Gauge Stations [Surface Water Monitoring]",1,1976,2016,"$0",41,"Environmental conditions","Habitat management","https://sciencetracker.deltacouncil.ca.gov/node/50107"
"50107","Telemetered Stream Gauge Stations [Surface Water Monitoring]",1,1976,2016,"$0",41,"Environmental conditions","Flood risk and land use management","https://sciencetracker.deltacouncil.ca.gov/node/50107"
"50107","Telemetered Stream Gauge Stations [Surface Water Monitoring]",1,1976,2016,"$0",41,"Habitat changes","Water supply management","https://sciencetracker.deltacouncil.ca.gov/node/50107"
"50107","Telemetered Stream Gauge Stations [Surface Water Monitoring]",1,1976,2016,"$0",41,"Habitat changes","Habitat management","https://sciencetracker.deltacouncil.ca.gov/node/50107"
"50107","Telemetered Stream Gauge Stations [Surface Water Monitoring]",1,1976,2016,"$0",41,"Habitat changes","Flood risk and land use management","https://sciencetracker.deltacouncil.ca.gov/node/50107"
"50107","Telemetered Stream Gauge Stations [Surface Water Monitoring]",1,1976,2016,"$0",41,"Land use and human activities","Water supply management","https://sciencetracker.deltacouncil.ca.gov/node/50107"
"50107","Telemetered Stream Gauge Stations [Surface Water Monitoring]",1,1976,2016,"$0",41,"Land use and human activities","Habitat management","https://sciencetracker.deltacouncil.ca.gov/node/50107"
"50107","Telemetered Stream Gauge Stations [Surface Water Monitoring]",1,1976,2016,"$0",41,"Land use and human activities","Flood risk and land use management","https://sciencetracker.deltacouncil.ca.gov/node/50107"
"50109","Water Quality Monitoring",1,2007,2019,"$0",13,"Environmental conditions","Water quality","https://sciencetracker.deltacouncil.ca.gov/node/50109"
"50109","Water Quality Monitoring",1,2007,2019,"$0",13,"Habitat changes","Water quality","https://sciencetracker.deltacouncil.ca.gov/node/50109"
"50141","Fisheries Branch Anadromous Assessment",1,1950,2019,"$0",70,"Habitat changes","Native species management","https://sciencetracker.deltacouncil.ca.gov/node/50141"
"50141","Fisheries Branch Anadromous Assessment",1,1950,2019,"$0",70,"Species","Native species management","https://sciencetracker.deltacouncil.ca.gov/node/50141"
"50147","Smelt Larva Survey",1,1961,2019,"$0",59,NA,NA,"https://sciencetracker.deltacouncil.ca.gov/node/50147"
"50148","Spring Kodiak Trawl Survey",1,1961,2019,"$0",59,NA,NA,"https://sciencetracker.deltacouncil.ca.gov/node/50148"
"50164","Yolo Bypass Fish Monitoring",1,NA,NA,"$0",NA,"Environmental conditions","Water supply management","https://sciencetracker.deltacouncil.ca.gov/node/50164"
"50164","Yolo Bypass Fish Monitoring",1,NA,NA,"$0",NA,"Environmental conditions","Flood risk and land use management","https://sciencetracker.deltacouncil.ca.gov/node/50164"
"50164","Yolo Bypass Fish Monitoring",1,NA,NA,"$0",NA,"Environmental conditions","Habitat management","https://sciencetracker.deltacouncil.ca.gov/node/50164"
"50164","Yolo Bypass Fish Monitoring",1,NA,NA,"$0",NA,"Environmental conditions","Native species management","https://sciencetracker.deltacouncil.ca.gov/node/50164"
"50164","Yolo Bypass Fish Monitoring",1,NA,NA,"$0",NA,"Environmental conditions","Invasive / non-native species management","https://sciencetracker.deltacouncil.ca.gov/node/50164"
"50164","Yolo Bypass Fish Monitoring",1,NA,NA,"$0",NA,"Environmental conditions","Water quality","https://sciencetracker.deltacouncil.ca.gov/node/50164"
"50164","Yolo Bypass Fish Monitoring",1,NA,NA,"$0",NA,"Habitat changes","Water supply management","https://sciencetracker.deltacouncil.ca.gov/node/50164"
"50164","Yolo Bypass Fish Monitoring",1,NA,NA,"$0",NA,"Habitat changes","Flood risk and land use management","https://sciencetracker.deltacouncil.ca.gov/node/50164"
"50164","Yolo Bypass Fish Monitoring",1,NA,NA,"$0",NA,"Habitat changes","Habitat management","https://sciencetracker.deltacouncil.ca.gov/node/50164"
"50164","Yolo Bypass Fish Monitoring",1,NA,NA,"$0",NA,"Habitat changes","Native species management","https://sciencetracker.deltacouncil.ca.gov/node/50164"
"50164","Yolo Bypass Fish Monitoring",1,NA,NA,"$0",NA,"Habitat changes","Invasive / non-native species management","https://sciencetracker.deltacouncil.ca.gov/node/50164"
"50164","Yolo Bypass Fish Monitoring",1,NA,NA,"$0",NA,"Habitat changes","Water quality","https://sciencetracker.deltacouncil.ca.gov/node/50164"
"50164","Yolo Bypass Fish Monitoring",1,NA,NA,"$0",NA,"Species","Water supply management","https://sciencetracker.deltacouncil.ca.gov/node/50164"
"50164","Yolo Bypass Fish Monitoring",1,NA,NA,"$0",NA,"Species","Flood risk and land use management","https://sciencetracker.deltacouncil.ca.gov/node/50164"
"50164","Yolo Bypass Fish Monitoring",1,NA,NA,"$0",NA,"Species","Habitat management","https://sciencetracker.deltacouncil.ca.gov/node/50164"
"50164","Yolo Bypass Fish Monitoring",1,NA,NA,"$0",NA,"Species","Native species management","https://sciencetracker.deltacouncil.ca.gov/node/50164"
"50164","Yolo Bypass Fish Monitoring",1,NA,NA,"$0",NA,"Species","Invasive / non-native species management","https://sciencetracker.deltacouncil.ca.gov/node/50164"
"50164","Yolo Bypass Fish Monitoring",1,NA,NA,"$0",NA,"Species","Water quality","https://sciencetracker.deltacouncil.ca.gov/node/50164"
"50176","Continuous Monitoring of Water Quality & Suspended-Sediment Transport [Bay-Delta]",1,1972,2019,"$0",48,"Environmental conditions","Water supply management","https://sciencetracker.deltacouncil.ca.gov/node/50176"
"50176","Continuous Monitoring of Water Quality & Suspended-Sediment Transport [Bay-Delta]",1,1972,2019,"$0",48,"Environmental conditions","Flood risk and land use management","https://sciencetracker.deltacouncil.ca.gov/node/50176"
"50176","Continuous Monitoring of Water Quality & Suspended-Sediment Transport [Bay-Delta]",1,1972,2019,"$0",48,"Environmental conditions","Habitat management","https://sciencetracker.deltacouncil.ca.gov/node/50176"
"50176","Continuous Monitoring of Water Quality & Suspended-Sediment Transport [Bay-Delta]",1,1972,2019,"$0",48,"Environmental conditions","Native species management","https://sciencetracker.deltacouncil.ca.gov/node/50176"
"50176","Continuous Monitoring of Water Quality & Suspended-Sediment Transport [Bay-Delta]",1,1972,2019,"$0",48,"Environmental conditions","Water quality","https://sciencetracker.deltacouncil.ca.gov/node/50176"
"50176","Continuous Monitoring of Water Quality & Suspended-Sediment Transport [Bay-Delta]",1,1972,2019,"$0",48,"Habitat changes","Water supply management","https://sciencetracker.deltacouncil.ca.gov/node/50176"
"50176","Continuous Monitoring of Water Quality & Suspended-Sediment Transport [Bay-Delta]",1,1972,2019,"$0",48,"Habitat changes","Flood risk and land use management","https://sciencetracker.deltacouncil.ca.gov/node/50176"
"50176","Continuous Monitoring of Water Quality & Suspended-Sediment Transport [Bay-Delta]",1,1972,2019,"$0",48,"Habitat changes","Habitat management","https://sciencetracker.deltacouncil.ca.gov/node/50176"
"50176","Continuous Monitoring of Water Quality & Suspended-Sediment Transport [Bay-Delta]",1,1972,2019,"$0",48,"Habitat changes","Native species management","https://sciencetracker.deltacouncil.ca.gov/node/50176"
"50176","Continuous Monitoring of Water Quality & Suspended-Sediment Transport [Bay-Delta]",1,1972,2019,"$0",48,"Habitat changes","Water quality","https://sciencetracker.deltacouncil.ca.gov/node/50176"
"50176","Continuous Monitoring of Water Quality & Suspended-Sediment Transport [Bay-Delta]",1,1972,2019,"$0",48,"Land use and human activities","Water supply management","https://sciencetracker.deltacouncil.ca.gov/node/50176"
"50176","Continuous Monitoring of Water Quality & Suspended-Sediment Transport [Bay-Delta]",1,1972,2019,"$0",48,"Land use and human activities","Flood risk and land use management","https://sciencetracker.deltacouncil.ca.gov/node/50176"
"50176","Continuous Monitoring of Water Quality & Suspended-Sediment Transport [Bay-Delta]",1,1972,2019,"$0",48,"Land use and human activities","Habitat management","https://sciencetracker.deltacouncil.ca.gov/node/50176"
"50176","Continuous Monitoring of Water Quality & Suspended-Sediment Transport [Bay-Delta]",1,1972,2019,"$0",48,"Land use and human activities","Native species management","https://sciencetracker.deltacouncil.ca.gov/node/50176"
"50176","Continuous Monitoring of Water Quality & Suspended-Sediment Transport [Bay-Delta]",1,1972,2019,"$0",48,"Land use and human activities","Water quality","https://sciencetracker.deltacouncil.ca.gov/node/50176"
"50208","Central Valley Joint Venture [CVJV]",1,1989,2019,"$0",31,"Habitat changes","Habitat management","https://sciencetracker.deltacouncil.ca.gov/node/50208"
"50208","Central Valley Joint Venture [CVJV]",1,1989,2019,"$0",31,"Habitat changes","Native species management","https://sciencetracker.deltacouncil.ca.gov/node/50208"
"50208","Central Valley Joint Venture [CVJV]",1,1989,2019,"$0",31,"Land use and human activities","Habitat management","https://sciencetracker.deltacouncil.ca.gov/node/50208"
"50208","Central Valley Joint Venture [CVJV]",1,1989,2019,"$0",31,"Land use and human activities","Native species management","https://sciencetracker.deltacouncil.ca.gov/node/50208"
"50208","Central Valley Joint Venture [CVJV]",1,1989,2019,"$0",31,"Species","Habitat management","https://sciencetracker.deltacouncil.ca.gov/node/50208"
"50208","Central Valley Joint Venture [CVJV]",1,1989,2019,"$0",31,"Species","Native species management","https://sciencetracker.deltacouncil.ca.gov/node/50208"
"50210","SAIL [Coordinated Enhanced Acoustic Telemetry Program]",1,NA,NA,"$0",NA,"Fish","Native species management","https://sciencetracker.deltacouncil.ca.gov/node/50210"
"49865","Evaluating Juvenile Salmonid Behavioral Responses to Hydrodynamic Conditions in the Sacramento-San Joaquin Delta",1,2019,2022,"$445,921",4,"Fish","Native species management","https://sciencetracker.deltacouncil.ca.gov/node/49865"
"49860","Next Generation Multi-Hazard Levee Risk Assessment",1,2019,2022,"$931,104",4,"Land use and human activities","Flood risk and land use management","https://sciencetracker.deltacouncil.ca.gov/node/49860"
"49860","Next Generation Multi-Hazard Levee Risk Assessment",1,2019,2022,"$931,104",4,"Land use and human activities","Environmental conditions","https://sciencetracker.deltacouncil.ca.gov/node/49860"
"50091","Waterborne Commerce of the United States [WCUS] Monitoring",1,NA,NA,"$0",NA,NA,NA,"https://sciencetracker.deltacouncil.ca.gov/node/50091"
"50170","Vegetation Classification and Mapping Program [VegCAMP]",1,NA,NA,"$0",NA,"Environmental conditions","Habitat management","https://sciencetracker.deltacouncil.ca.gov/node/50170"
"50170","Vegetation Classification and Mapping Program [VegCAMP]",1,NA,NA,"$0",NA,"Environmental conditions","Invasive / non-native species management","https://sciencetracker.deltacouncil.ca.gov/node/50170"
"50170","Vegetation Classification and Mapping Program [VegCAMP]",1,NA,NA,"$0",NA,"Environmental conditions","Flood risk and land use management","https://sciencetracker.deltacouncil.ca.gov/node/50170"
"50170","Vegetation Classification and Mapping Program [VegCAMP]",1,NA,NA,"$0",NA,"Habitat changes","Habitat management","https://sciencetracker.deltacouncil.ca.gov/node/50170"
"50170","Vegetation Classification and Mapping Program [VegCAMP]",1,NA,NA,"$0",NA,"Habitat changes","Invasive / non-native species management","https://sciencetracker.deltacouncil.ca.gov/node/50170"
"50170","Vegetation Classification and Mapping Program [VegCAMP]",1,NA,NA,"$0",NA,"Habitat changes","Flood risk and land use management","https://sciencetracker.deltacouncil.ca.gov/node/50170"
"50170","Vegetation Classification and Mapping Program [VegCAMP]",1,NA,NA,"$0",NA,"Land use and human activities","Habitat management","https://sciencetracker.deltacouncil.ca.gov/node/50170"
"50170","Vegetation Classification and Mapping Program [VegCAMP]",1,NA,NA,"$0",NA,"Land use and human activities","Invasive / non-native species management","https://sciencetracker.deltacouncil.ca.gov/node/50170"
"50170","Vegetation Classification and Mapping Program [VegCAMP]",1,NA,NA,"$0",NA,"Land use and human activities","Flood risk and land use management","https://sciencetracker.deltacouncil.ca.gov/node/50170"
"50182","Farmland Mapping & Monitoring Program [FMMP]",1,1978,2019,"$0",42,"Environmental conditions","Habitat management","https://sciencetracker.deltacouncil.ca.gov/node/50182"
"50182","Farmland Mapping & Monitoring Program [FMMP]",1,1978,2019,"$0",42,"Environmental conditions","Flood risk and land use management","https://sciencetracker.deltacouncil.ca.gov/node/50182"
"50182","Farmland Mapping & Monitoring Program [FMMP]",1,1978,2019,"$0",42,"Habitat changes","Habitat management","https://sciencetracker.deltacouncil.ca.gov/node/50182"
"50182","Farmland Mapping & Monitoring Program [FMMP]",1,1978,2019,"$0",42,"Habitat changes","Flood risk and land use management","https://sciencetracker.deltacouncil.ca.gov/node/50182"
"50182","Farmland Mapping & Monitoring Program [FMMP]",1,1978,2019,"$0",42,"Land use and human activities","Habitat management","https://sciencetracker.deltacouncil.ca.gov/node/50182"
"50182","Farmland Mapping & Monitoring Program [FMMP]",1,1978,2019,"$0",42,"Land use and human activities","Flood risk and land use management","https://sciencetracker.deltacouncil.ca.gov/node/50182"
"49781","Directed Outflow Project",1,2019,2021,"$0",3,"Fish","Environmental conditions","https://sciencetracker.deltacouncil.ca.gov/node/49781"
"49781","Directed Outflow Project",1,2019,2021,"$0",3,"Fish","Habitat management","https://sciencetracker.deltacouncil.ca.gov/node/49781"
"50215","Directed Outflow Project [DOP] - Paired Habitat Sampling",1,2018,2022,"$0",5,"Habitat changes","Native species management","https://sciencetracker.deltacouncil.ca.gov/node/50215"
"50215","Directed Outflow Project [DOP] - Paired Habitat Sampling",1,2018,2022,"$0",5,"Hydrology and hydrodynamics","Native species management","https://sciencetracker.deltacouncil.ca.gov/node/50215"
"49782","Monitoring and Assessment of Suisun Marsh Salinity Control Gates Action",1,2020,2021,"$0",2,"Fish","Environmental conditions","https://sciencetracker.deltacouncil.ca.gov/node/49782"
"49782","Monitoring and Assessment of Suisun Marsh Salinity Control Gates Action",1,2020,2021,"$0",2,"Fish","Habitat management","https://sciencetracker.deltacouncil.ca.gov/node/49782"
"49782","Monitoring and Assessment of Suisun Marsh Salinity Control Gates Action",1,2020,2021,"$0",2,"Fish","Water quality","https://sciencetracker.deltacouncil.ca.gov/node/49782"
"49782","Monitoring and Assessment of Suisun Marsh Salinity Control Gates Action",1,2020,2021,"$0",2,"Water quality","Environmental conditions","https://sciencetracker.deltacouncil.ca.gov/node/49782"
"49782","Monitoring and Assessment of Suisun Marsh Salinity Control Gates Action",1,2020,2021,"$0",2,"Water quality","Habitat management","https://sciencetracker.deltacouncil.ca.gov/node/49782"
"49782","Monitoring and Assessment of Suisun Marsh Salinity Control Gates Action",1,2020,2021,"$0",2,"Water quality","Water quality","https://sciencetracker.deltacouncil.ca.gov/node/49782"
"49783","Suisun Marsh Salinity Control Gates Action Pilot Study",1,2018,2018,"$0",1,"Fish","Environmental conditions","https://sciencetracker.deltacouncil.ca.gov/node/49783"
"49783","Suisun Marsh Salinity Control Gates Action Pilot Study",1,2018,2018,"$0",1,"Fish","Habitat management","https://sciencetracker.deltacouncil.ca.gov/node/49783"
"49783","Suisun Marsh Salinity Control Gates Action Pilot Study",1,2018,2018,"$0",1,"Fish","Water quality","https://sciencetracker.deltacouncil.ca.gov/node/49783"
"49783","Suisun Marsh Salinity Control Gates Action Pilot Study",1,2018,2018,"$0",1,"Water quality","Environmental conditions","https://sciencetracker.deltacouncil.ca.gov/node/49783"
"49783","Suisun Marsh Salinity Control Gates Action Pilot Study",1,2018,2018,"$0",1,"Water quality","Habitat management","https://sciencetracker.deltacouncil.ca.gov/node/49783"
"49783","Suisun Marsh Salinity Control Gates Action Pilot Study",1,2018,2018,"$0",1,"Water quality","Water quality","https://sciencetracker.deltacouncil.ca.gov/node/49783"
"49797","Investigation of the resilience of the salt marsh harvest mouse and best management practices in response to climate change",1,2018,2020,"$229,258",3,"Mammals","Native species management","https://sciencetracker.deltacouncil.ca.gov/node/49797"
"49807","Defining habitat quality for young-of-year longfin smelt: Historical otolith-based reconstructions of growth and salinity history in relation to geography, climate, and outflow",1,2018,2020,"$206,471",3,"Fish","Native species management","https://sciencetracker.deltacouncil.ca.gov/node/49807"
"49812","Hydrodynamic Influences on the Food Webs of Restoring Tidal Wetlands",1,2016,NA,"$867,235",NA,"Hydrology and hydrodynamics","Habitat management","https://sciencetracker.deltacouncil.ca.gov/node/49812"
"49873","Risk of fish predation within and across tidal wetland complexes",1,2020,2022,"$129,762",3,"Fish","Native species management","https://sciencetracker.deltacouncil.ca.gov/node/49873"
"50093","Lower Sacramento River Green Sturgeon Telemetry Monitoring",1,1998,2018,"$0",21,"Species","Native species management","https://sciencetracker.deltacouncil.ca.gov/node/50093"
"50145","Stream Pollution Trends Monitoring Program [SPOT]",1,1957,2019,"$0",63,"Environmental conditions","Habitat management","https://sciencetracker.deltacouncil.ca.gov/node/50145"
"50145","Stream Pollution Trends Monitoring Program [SPOT]",1,1957,2019,"$0",63,"Environmental conditions","Water quality","https://sciencetracker.deltacouncil.ca.gov/node/50145"
"50145","Stream Pollution Trends Monitoring Program [SPOT]",1,1957,2019,"$0",63,"Land use and human activities","Habitat management","https://sciencetracker.deltacouncil.ca.gov/node/50145"
"50145","Stream Pollution Trends Monitoring Program [SPOT]",1,1957,2019,"$0",63,"Land use and human activities","Water quality","https://sciencetracker.deltacouncil.ca.gov/node/50145"
"49937","California Partners In Flight [CalPIF]",1,1968,2019,"$0",52,"Habitat changes","Habitat management","https://sciencetracker.deltacouncil.ca.gov/node/49937"
"49937","California Partners In Flight [CalPIF]",1,1968,2019,"$0",52,"Species","Habitat management","https://sciencetracker.deltacouncil.ca.gov/node/49937"
"49954","20-mm Survey [Delta Smelt distribution monitoring]",1,2000,2019,"$0",20,"Environmental conditions","Native species management","https://sciencetracker.deltacouncil.ca.gov/node/49954"
"49954","20-mm Survey [Delta Smelt distribution monitoring]",1,2000,2019,"$0",20,"Species","Native species management","https://sciencetracker.deltacouncil.ca.gov/node/49954"
"50077","Grasslands Bypass Project Monitoring",1,NA,NA,"$0",NA,"Environmental conditions","Water supply management","https://sciencetracker.deltacouncil.ca.gov/node/50077"
"50077","Grasslands Bypass Project Monitoring",1,NA,NA,"$0",NA,"Land use and human activities","Water supply management","https://sciencetracker.deltacouncil.ca.gov/node/50077"
"50138","San Francisco Bay Study",1,1972,2019,"$0",48,NA,NA,"https://sciencetracker.deltacouncil.ca.gov/node/50138"
"50151","Summer Townet Survey",1,2009,2019,"$0",11,"Environmental conditions","Habitat management","https://sciencetracker.deltacouncil.ca.gov/node/50151"
"50151","Summer Townet Survey",1,2009,2019,"$0",11,"Environmental conditions","Native species management","https://sciencetracker.deltacouncil.ca.gov/node/50151"
"50151","Summer Townet Survey",1,2009,2019,"$0",11,"Habitat changes","Habitat management","https://sciencetracker.deltacouncil.ca.gov/node/50151"
"50151","Summer Townet Survey",1,2009,2019,"$0",11,"Habitat changes","Native species management","https://sciencetracker.deltacouncil.ca.gov/node/50151"
"50151","Summer Townet Survey",1,2009,2019,"$0",11,"Species","Habitat management","https://sciencetracker.deltacouncil.ca.gov/node/50151"
"50151","Summer Townet Survey",1,2009,2019,"$0",11,"Species","Native species management","https://sciencetracker.deltacouncil.ca.gov/node/50151"
"50153","Delta Juvenile Fish Monitoring Program [DJFMP]",1,1983,2019,"$0",37,"Environmental conditions","Native species management","https://sciencetracker.deltacouncil.ca.gov/node/50153"
"50153","Delta Juvenile Fish Monitoring Program [DJFMP]",1,1983,2019,"$0",37,"Environmental conditions","Invasive / non-native species management","https://sciencetracker.deltacouncil.ca.gov/node/50153"
"50153","Delta Juvenile Fish Monitoring Program [DJFMP]",1,1983,2019,"$0",37,"Habitat changes","Native species management","https://sciencetracker.deltacouncil.ca.gov/node/50153"
"50153","Delta Juvenile Fish Monitoring Program [DJFMP]",1,1983,2019,"$0",37,"Habitat changes","Invasive / non-native species management","https://sciencetracker.deltacouncil.ca.gov/node/50153"
"50153","Delta Juvenile Fish Monitoring Program [DJFMP]",1,1983,2019,"$0",37,"Species","Native species management","https://sciencetracker.deltacouncil.ca.gov/node/50153"
"50153","Delta Juvenile Fish Monitoring Program [DJFMP]",1,1983,2019,"$0",37,"Species","Invasive / non-native species management","https://sciencetracker.deltacouncil.ca.gov/node/50153"
"50174","Invasive Species Program",1,NA,NA,"$0",NA,"Habitat changes","Invasive / non-native species management","https://sciencetracker.deltacouncil.ca.gov/node/50174"
"50174","Invasive Species Program",1,NA,NA,"$0",NA,"Species","Invasive / non-native species management","https://sciencetracker.deltacouncil.ca.gov/node/50174"
"50214","Sacramento River Basin Salmonid Monitoring with Pacific States",1,2021,2021,"$0",1,"Fish","Habitat management","https://sciencetracker.deltacouncil.ca.gov/node/50214"
"50211","Food Temperature Optimization Model for CVP",1,2020,2021,"$0",2,"Nutrients, energy and food web","Water supply management","https://sciencetracker.deltacouncil.ca.gov/node/50211"
"50216","FCCL Conservation Hatchery Operation for Delta Smelt Refuge Population Maintenance and Research Support",1,2019,2025,"$0",7,"Fish","Native species management","https://sciencetracker.deltacouncil.ca.gov/node/50216"
"49821","Juvenile salmon distribution, abundance, and growth in restored and relict Delta marsh habitats",1,2018,2021,"$1,036,412",4,"Fish","Native species management","https://sciencetracker.deltacouncil.ca.gov/node/49821"
"50100","Drought Stressor Monitoring",1,2003,2018,"$0",16,NA,NA,"https://sciencetracker.deltacouncil.ca.gov/node/50100"
"50118","Aquatic Invasive Species Program [CDFW]",1,1964,2019,"$0",56,"Habitat changes","Water supply management","https://sciencetracker.deltacouncil.ca.gov/node/50118"
"50118","Aquatic Invasive Species Program [CDFW]",1,1964,2019,"$0",56,"Habitat changes","Habitat management","https://sciencetracker.deltacouncil.ca.gov/node/50118"
"50118","Aquatic Invasive Species Program [CDFW]",1,1964,2019,"$0",56,"Habitat changes","Invasive / non-native species management","https://sciencetracker.deltacouncil.ca.gov/node/50118"
"50118","Aquatic Invasive Species Program [CDFW]",1,1964,2019,"$0",56,"Land use and human activities","Water supply management","https://sciencetracker.deltacouncil.ca.gov/node/50118"
"50118","Aquatic Invasive Species Program [CDFW]",1,1964,2019,"$0",56,"Land use and human activities","Habitat management","https://sciencetracker.deltacouncil.ca.gov/node/50118"
"50118","Aquatic Invasive Species Program [CDFW]",1,1964,2019,"$0",56,"Land use and human activities","Invasive / non-native species management","https://sciencetracker.deltacouncil.ca.gov/node/50118"
"50118","Aquatic Invasive Species Program [CDFW]",1,1964,2019,"$0",56,"Species","Water supply management","https://sciencetracker.deltacouncil.ca.gov/node/50118"
"50118","Aquatic Invasive Species Program [CDFW]",1,1964,2019,"$0",56,"Species","Habitat management","https://sciencetracker.deltacouncil.ca.gov/node/50118"
"50118","Aquatic Invasive Species Program [CDFW]",1,1964,2019,"$0",56,"Species","Invasive / non-native species management","https://sciencetracker.deltacouncil.ca.gov/node/50118"
"50149","Striped Bass Study",1,1998,2019,"$0",22,"Environmental conditions","Invasive / non-native species management","https://sciencetracker.deltacouncil.ca.gov/node/50149"
"50149","Striped Bass Study",1,1998,2019,"$0",22,"Habitat changes","Invasive / non-native species management","https://sciencetracker.deltacouncil.ca.gov/node/50149"
"50149","Striped Bass Study",1,1998,2019,"$0",22,"Species","Invasive / non-native species management","https://sciencetracker.deltacouncil.ca.gov/node/50149"
"50160","Feather River Hatchery/ Oroville Facility Fishery Studies",1,NA,NA,"$0",NA,"Species","Native species management","https://sciencetracker.deltacouncil.ca.gov/node/50160"
"50161","Recreational Freshwater Fishing Licenses",1,1988,2019,"$0",32,"Land use and human activities","Native species management","https://sciencetracker.deltacouncil.ca.gov/node/50161"
"50161","Recreational Freshwater Fishing Licenses",1,1988,2019,"$0",32,"Species","Native species management","https://sciencetracker.deltacouncil.ca.gov/node/50161"
"50162","Hunting Licenses [waterfowl]",1,1969,2019,"$0",51,"Environmental conditions","Habitat management","https://sciencetracker.deltacouncil.ca.gov/node/50162"
"50162","Hunting Licenses [waterfowl]",1,1969,2019,"$0",51,"Environmental conditions","Native species management","https://sciencetracker.deltacouncil.ca.gov/node/50162"
"50162","Hunting Licenses [waterfowl]",1,1969,2019,"$0",51,"Land use and human activities","Habitat management","https://sciencetracker.deltacouncil.ca.gov/node/50162"
"50162","Hunting Licenses [waterfowl]",1,1969,2019,"$0",51,"Land use and human activities","Native species management","https://sciencetracker.deltacouncil.ca.gov/node/50162"
"50162","Hunting Licenses [waterfowl]",1,1969,2019,"$0",51,"Species","Habitat management","https://sciencetracker.deltacouncil.ca.gov/node/50162"
"50162","Hunting Licenses [waterfowl]",1,1969,2019,"$0",51,"Species","Native species management","https://sciencetracker.deltacouncil.ca.gov/node/50162"
"50193","Fish Restoration Program Monitoring",1,1956,2019,"$0",64,"Environmental conditions","Habitat management","https://sciencetracker.deltacouncil.ca.gov/node/50193"
"50193","Fish Restoration Program Monitoring",1,1956,2019,"$0",64,"Habitat changes","Habitat management","https://sciencetracker.deltacouncil.ca.gov/node/50193"
"50193","Fish Restoration Program Monitoring",1,1956,2019,"$0",64,"Species","Habitat management","https://sciencetracker.deltacouncil.ca.gov/node/50193"
"49924","Delta Regional Monitoring Program",1,2017,2019,"$0",3,NA,NA,"https://sciencetracker.deltacouncil.ca.gov/node/49924"
"49944","Central Valley Project - Reservoir Monitoring",1,1996,2019,"$0",24,"Environmental conditions","Water supply management","https://sciencetracker.deltacouncil.ca.gov/node/49944"
"49944","Central Valley Project - Reservoir Monitoring",1,1996,2019,"$0",24,"Habitat changes","Water supply management","https://sciencetracker.deltacouncil.ca.gov/node/49944"
"49944","Central Valley Project - Reservoir Monitoring",1,1996,2019,"$0",24,"Land use and human activities","Water supply management","https://sciencetracker.deltacouncil.ca.gov/node/49944"
"49949","State Water Project - Reservoir Monitoring",1,1996,2019,"$0",24,"Environmental conditions","Water supply management","https://sciencetracker.deltacouncil.ca.gov/node/49949"
"49949","State Water Project - Reservoir Monitoring",1,1996,2019,"$0",24,"Habitat changes","Water supply management","https://sciencetracker.deltacouncil.ca.gov/node/49949"
"49949","State Water Project - Reservoir Monitoring",1,1996,2019,"$0",24,"Land use and human activities","Water supply management","https://sciencetracker.deltacouncil.ca.gov/node/49949"
"49950","Water Quality Data for California",1,NA,NA,"$0",NA,"Environmental conditions","Water quality","https://sciencetracker.deltacouncil.ca.gov/node/49950"
"49952","Discrete dissolved oxygen monitoring in the Stockton Deep Water Ship Channel",1,2001,2019,"$0",19,"Environmental conditions","Habitat management","https://sciencetracker.deltacouncil.ca.gov/node/49952"
"49952","Discrete dissolved oxygen monitoring in the Stockton Deep Water Ship Channel",1,2001,2019,"$0",19,"Environmental conditions","Water quality","https://sciencetracker.deltacouncil.ca.gov/node/49952"
"49952","Discrete dissolved oxygen monitoring in the Stockton Deep Water Ship Channel",1,2001,2019,"$0",19,"Habitat changes","Habitat management","https://sciencetracker.deltacouncil.ca.gov/node/49952"
"49952","Discrete dissolved oxygen monitoring in the Stockton Deep Water Ship Channel",1,2001,2019,"$0",19,"Habitat changes","Water quality","https://sciencetracker.deltacouncil.ca.gov/node/49952"
"50078","Central Valley Project",1,1950,2019,"$0",70,"Environmental conditions","Water supply management","https://sciencetracker.deltacouncil.ca.gov/node/50078"
"50078","Central Valley Project",1,1950,2019,"$0",70,"Environmental conditions","Flood risk and land use management","https://sciencetracker.deltacouncil.ca.gov/node/50078"
"50078","Central Valley Project",1,1950,2019,"$0",70,"Land use and human activities","Water supply management","https://sciencetracker.deltacouncil.ca.gov/node/50078"
"50078","Central Valley Project",1,1950,2019,"$0",70,"Land use and human activities","Flood risk and land use management","https://sciencetracker.deltacouncil.ca.gov/node/50078"
"50079","Benthic Organism Study",1,2011,2019,"$0",9,"Environmental conditions","Habitat management","https://sciencetracker.deltacouncil.ca.gov/node/50079"
"50079","Benthic Organism Study",1,2011,2019,"$0",9,"Environmental conditions","Water quality","https://sciencetracker.deltacouncil.ca.gov/node/50079"
"50079","Benthic Organism Study",1,2011,2019,"$0",9,"Species","Habitat management","https://sciencetracker.deltacouncil.ca.gov/node/50079"
"50079","Benthic Organism Study",1,2011,2019,"$0",9,"Species","Water quality","https://sciencetracker.deltacouncil.ca.gov/node/50079"
"50080","State Water Project",1,1960,2019,"$0",60,"Environmental conditions","Water supply management","https://sciencetracker.deltacouncil.ca.gov/node/50080"
"50080","State Water Project",1,1960,2019,"$0",60,"Environmental conditions","Flood risk and land use management","https://sciencetracker.deltacouncil.ca.gov/node/50080"
"50080","State Water Project",1,1960,2019,"$0",60,"Habitat changes","Water supply management","https://sciencetracker.deltacouncil.ca.gov/node/50080"
"50080","State Water Project",1,1960,2019,"$0",60,"Habitat changes","Flood risk and land use management","https://sciencetracker.deltacouncil.ca.gov/node/50080"
"50080","State Water Project",1,1960,2019,"$0",60,"Land use and human activities","Water supply management","https://sciencetracker.deltacouncil.ca.gov/node/50080"
"50080","State Water Project",1,1960,2019,"$0",60,"Land use and human activities","Flood risk and land use management","https://sciencetracker.deltacouncil.ca.gov/node/50080"
"50083","San Francisco Bay Bathymetry",1,1997,2018,"$0",22,"Environmental conditions","Habitat management","https://sciencetracker.deltacouncil.ca.gov/node/50083"
"50083","San Francisco Bay Bathymetry",1,1997,2018,"$0",22,"Environmental conditions","Flood risk and land use management","https://sciencetracker.deltacouncil.ca.gov/node/50083"
"50083","San Francisco Bay Bathymetry",1,1997,2018,"$0",22,"Habitat changes","Habitat management","https://sciencetracker.deltacouncil.ca.gov/node/50083"
"50083","San Francisco Bay Bathymetry",1,1997,2018,"$0",22,"Habitat changes","Flood risk and land use management","https://sciencetracker.deltacouncil.ca.gov/node/50083"
"50152","Zooplankton Study",1,1983,2019,"$0",37,"Environmental conditions","Water quality","https://sciencetracker.deltacouncil.ca.gov/node/50152"
"50152","Zooplankton Study",1,1983,2019,"$0",37,"Environmental conditions","Habitat management","https://sciencetracker.deltacouncil.ca.gov/node/50152"
"50152","Zooplankton Study",1,1983,2019,"$0",37,"Environmental conditions","Water supply management","https://sciencetracker.deltacouncil.ca.gov/node/50152"
"50152","Zooplankton Study",1,1983,2019,"$0",37,"Habitat changes","Water quality","https://sciencetracker.deltacouncil.ca.gov/node/50152"
"50152","Zooplankton Study",1,1983,2019,"$0",37,"Habitat changes","Habitat management","https://sciencetracker.deltacouncil.ca.gov/node/50152"
"50152","Zooplankton Study",1,1983,2019,"$0",37,"Habitat changes","Water supply management","https://sciencetracker.deltacouncil.ca.gov/node/50152"
"50152","Zooplankton Study",1,1983,2019,"$0",37,"Species","Water quality","https://sciencetracker.deltacouncil.ca.gov/node/50152"
"50152","Zooplankton Study",1,1983,2019,"$0",37,"Species","Habitat management","https://sciencetracker.deltacouncil.ca.gov/node/50152"
"50152","Zooplankton Study",1,1983,2019,"$0",37,"Species","Water supply management","https://sciencetracker.deltacouncil.ca.gov/node/50152"
"50171","Sacramento District Water Control Data System [WCDS]",1,1969,2019,"$0",51,"Environmental conditions","Water supply management","https://sciencetracker.deltacouncil.ca.gov/node/50171"
"50171","Sacramento District Water Control Data System [WCDS]",1,1969,2019,"$0",51,"Environmental conditions","Flood risk and land use management","https://sciencetracker.deltacouncil.ca.gov/node/50171"
"50171","Sacramento District Water Control Data System [WCDS]",1,1969,2019,"$0",51,"Habitat changes","Water supply management","https://sciencetracker.deltacouncil.ca.gov/node/50171"
"50171","Sacramento District Water Control Data System [WCDS]",1,1969,2019,"$0",51,"Habitat changes","Flood risk and land use management","https://sciencetracker.deltacouncil.ca.gov/node/50171"
"50171","Sacramento District Water Control Data System [WCDS]",1,1969,2019,"$0",51,"Land use and human activities","Water supply management","https://sciencetracker.deltacouncil.ca.gov/node/50171"
"50171","Sacramento District Water Control Data System [WCDS]",1,1969,2019,"$0",51,"Land use and human activities","Flood risk and land use management","https://sciencetracker.deltacouncil.ca.gov/node/50171"
"50178","Suisun Marsh Monitoring Program",1,1981,2019,"$0",39,"Environmental conditions","Water quality","https://sciencetracker.deltacouncil.ca.gov/node/50178"
"50178","Suisun Marsh Monitoring Program",1,1981,2019,"$0",39,"Environmental conditions","Habitat management","https://sciencetracker.deltacouncil.ca.gov/node/50178"
"50178","Suisun Marsh Monitoring Program",1,1981,2019,"$0",39,"Land use and human activities","Water quality","https://sciencetracker.deltacouncil.ca.gov/node/50178"
"50178","Suisun Marsh Monitoring Program",1,1981,2019,"$0",39,"Land use and human activities","Habitat management","https://sciencetracker.deltacouncil.ca.gov/node/50178"
"49875","Phytoplankton and cyanobacteria growth and response to stressors",1,2020,2022,"$149,342",3,"Food webs","Water quality","https://sciencetracker.deltacouncil.ca.gov/node/49875"
"50140","Groundwater Ambient Monitoring and Assessment Program [GAMA]",1,NA,NA,"$0",NA,"Environmental conditions","Water quality","https://sciencetracker.deltacouncil.ca.gov/node/50140"
"50140","Groundwater Ambient Monitoring and Assessment Program [GAMA]",1,NA,NA,"$0",NA,"Environmental conditions","Water supply management","https://sciencetracker.deltacouncil.ca.gov/node/50140"
"50140","Groundwater Ambient Monitoring and Assessment Program [GAMA]",1,NA,NA,"$0",NA,"Habitat changes","Water quality","https://sciencetracker.deltacouncil.ca.gov/node/50140"
"50140","Groundwater Ambient Monitoring and Assessment Program [GAMA]",1,NA,NA,"$0",NA,"Habitat changes","Water supply management","https://sciencetracker.deltacouncil.ca.gov/node/50140"
"50154","Suisun Marsh Fish Study",1,1969,2019,"$0",51,NA,NA,"https://sciencetracker.deltacouncil.ca.gov/node/50154"
"50172","California Irrigation Management Information System [CIMIS]",1,1985,2015,"$0",31,"Environmental conditions","Water supply management","https://sciencetracker.deltacouncil.ca.gov/node/50172"
"50172","California Irrigation Management Information System [CIMIS]",1,1985,2015,"$0",31,"Land use and human activities","Water supply management","https://sciencetracker.deltacouncil.ca.gov/node/50172"
"49785","Delta Historical Ecology",1,2007,2012,"$350,000",6,"Habitat changes","Habitat management","https://sciencetracker.deltacouncil.ca.gov/node/49785"
"49785","Delta Historical Ecology",1,2007,2012,"$350,000",6,"Land use and human activities","Habitat management","https://sciencetracker.deltacouncil.ca.gov/node/49785"
"49786","Delta Landscapes Project",1,2012,2016,"$875,000",5,"Habitat changes","Habitat management","https://sciencetracker.deltacouncil.ca.gov/node/49786"
"49786","Delta Landscapes Project",1,2012,2016,"$875,000",5,"Land use and human activities","Habitat management","https://sciencetracker.deltacouncil.ca.gov/node/49786"
"49786","Delta Landscapes Project",1,2012,2016,"$875,000",5,"Fish","Habitat management","https://sciencetracker.deltacouncil.ca.gov/node/49786"
"49786","Delta Landscapes Project",1,2012,2016,"$875,000",5,"Riparian habitats","Habitat management","https://sciencetracker.deltacouncil.ca.gov/node/49786"
"49786","Delta Landscapes Project",1,2012,2016,"$875,000",5,"Tidal wetlands","Habitat management","https://sciencetracker.deltacouncil.ca.gov/node/49786"
"49786","Delta Landscapes Project",1,2012,2016,"$875,000",5,"Channelized habitats","Habitat management","https://sciencetracker.deltacouncil.ca.gov/node/49786"
"49786","Delta Landscapes Project",1,2012,2016,"$875,000",5,"Floodplain","Habitat management","https://sciencetracker.deltacouncil.ca.gov/node/49786"
"49786","Delta Landscapes Project",1,2012,2016,"$875,000",5,"Terrestrial habitats","Habitat management","https://sciencetracker.deltacouncil.ca.gov/node/49786"
"50112","Bioaccumulation Monitoring Program",1,2008,2019,"$0",12,"Habitat changes","Water quality","https://sciencetracker.deltacouncil.ca.gov/node/50112"
"50112","Bioaccumulation Monitoring Program",1,2008,2019,"$0",12,"Land use and human activities","Water quality","https://sciencetracker.deltacouncil.ca.gov/node/50112"
"50112","Bioaccumulation Monitoring Program",1,2008,2019,"$0",12,"Species","Water quality","https://sciencetracker.deltacouncil.ca.gov/node/50112"
"49799","Effect of temperature and salinity on physiological performance and growth of longfin smelt: Developing a captive culture for a threatened species in the Sacramento- San Joaquin Delta",1,2018,2020,"$123,760",3,"Fish","Environmental conditions","https://sciencetracker.deltacouncil.ca.gov/node/49799"
"49799","Effect of temperature and salinity on physiological performance and growth of longfin smelt: Developing a captive culture for a threatened species in the Sacramento- San Joaquin Delta",1,2018,2020,"$123,760",3,"Fish","Native species management","https://sciencetracker.deltacouncil.ca.gov/node/49799"
"49799","Effect of temperature and salinity on physiological performance and growth of longfin smelt: Developing a captive culture for a threatened species in the Sacramento- San Joaquin Delta",1,2018,2020,"$123,760",3,"Water quality","Environmental conditions","https://sciencetracker.deltacouncil.ca.gov/node/49799"
"49799","Effect of temperature and salinity on physiological performance and growth of longfin smelt: Developing a captive culture for a threatened species in the Sacramento- San Joaquin Delta",1,2018,2020,"$123,760",3,"Water quality","Native species management","https://sciencetracker.deltacouncil.ca.gov/node/49799"
"49878","Estuarine fish community responses to climate, flow, and habitat",1,2020,2022,"$192,470",3,"Weather and climate","Native species management","https://sciencetracker.deltacouncil.ca.gov/node/49878"
"49878","Estuarine fish community responses to climate, flow, and habitat",1,2020,2022,"$192,470",3,"Fish","Native species management","https://sciencetracker.deltacouncil.ca.gov/node/49878"
"49878","Estuarine fish community responses to climate, flow, and habitat",1,2020,2022,"$192,470",3,"Hydrology and hydrodynamics","Native species management","https://sciencetracker.deltacouncil.ca.gov/node/49878"
"50087","California Recreational Fisheries Survey [CRFS]",1,2017,2019,"$0",3,"Land use and human activities","Invasive / non-native species management","https://sciencetracker.deltacouncil.ca.gov/node/50087"
"50087","California Recreational Fisheries Survey [CRFS]",1,2017,2019,"$0",3,"Land use and human activities","Native species management","https://sciencetracker.deltacouncil.ca.gov/node/50087"
"50094","California Fish Passage Assessment Database [PAD]",1,2000,2019,"$0",20,NA,NA,"https://sciencetracker.deltacouncil.ca.gov/node/50094"
"49880","The effect of temperature on predation of juvenile salmonids",1,2020,2022,"$123,868",3,"Fish","Environmental conditions","https://sciencetracker.deltacouncil.ca.gov/node/49880"
"49925","Pacific Flyway Shorebird Survey",1,1950,2019,"$0",70,"Environmental conditions","Habitat management","https://sciencetracker.deltacouncil.ca.gov/node/49925"
"49925","Pacific Flyway Shorebird Survey",1,1950,2019,"$0",70,"Environmental conditions","Flood risk and land use management","https://sciencetracker.deltacouncil.ca.gov/node/49925"
"49925","Pacific Flyway Shorebird Survey",1,1950,2019,"$0",70,"Environmental conditions","Native species management","https://sciencetracker.deltacouncil.ca.gov/node/49925"
"49925","Pacific Flyway Shorebird Survey",1,1950,2019,"$0",70,"Habitat changes","Habitat management","https://sciencetracker.deltacouncil.ca.gov/node/49925"
"49925","Pacific Flyway Shorebird Survey",1,1950,2019,"$0",70,"Habitat changes","Flood risk and land use management","https://sciencetracker.deltacouncil.ca.gov/node/49925"
"49925","Pacific Flyway Shorebird Survey",1,1950,2019,"$0",70,"Habitat changes","Native species management","https://sciencetracker.deltacouncil.ca.gov/node/49925"
"49925","Pacific Flyway Shorebird Survey",1,1950,2019,"$0",70,"Land use and human activities","Habitat management","https://sciencetracker.deltacouncil.ca.gov/node/49925"
"49925","Pacific Flyway Shorebird Survey",1,1950,2019,"$0",70,"Land use and human activities","Flood risk and land use management","https://sciencetracker.deltacouncil.ca.gov/node/49925"
"49925","Pacific Flyway Shorebird Survey",1,1950,2019,"$0",70,"Land use and human activities","Native species management","https://sciencetracker.deltacouncil.ca.gov/node/49925"
"49925","Pacific Flyway Shorebird Survey",1,1950,2019,"$0",70,"Species","Habitat management","https://sciencetracker.deltacouncil.ca.gov/node/49925"
"49925","Pacific Flyway Shorebird Survey",1,1950,2019,"$0",70,"Species","Flood risk and land use management","https://sciencetracker.deltacouncil.ca.gov/node/49925"
"49925","Pacific Flyway Shorebird Survey",1,1950,2019,"$0",70,"Species","Native species management","https://sciencetracker.deltacouncil.ca.gov/node/49925"
"50099","California Natural Diversity Database [CNDDB]",1,2007,2018,"$0",12,"Habitat changes","Native species management","https://sciencetracker.deltacouncil.ca.gov/node/50099"
"50099","California Natural Diversity Database [CNDDB]",1,2007,2018,"$0",12,"Species","Native species management","https://sciencetracker.deltacouncil.ca.gov/node/50099"
"50074","Aquatic Invasive Species Programs",1,1998,2019,"$123",22,"Environmental conditions","Invasive / non-native species management","https://sciencetracker.deltacouncil.ca.gov/node/50074"
"50074","Aquatic Invasive Species Programs",1,1998,2019,"$123",22,"Habitat changes","Invasive / non-native species management","https://sciencetracker.deltacouncil.ca.gov/node/50074"
"50074","Aquatic Invasive Species Programs",1,1998,2019,"$123",22,"Species","Invasive / non-native species management","https://sciencetracker.deltacouncil.ca.gov/node/50074"
"50207","Mid-Winter Waterfowl Survey [MWS]",1,1966,2019,"$0",54,"Land use and human activities","Habitat management","https://sciencetracker.deltacouncil.ca.gov/node/50207"
"50207","Mid-Winter Waterfowl Survey [MWS]",1,1966,2019,"$0",54,"Land use and human activities","Native species management","https://sciencetracker.deltacouncil.ca.gov/node/50207"
"50207","Mid-Winter Waterfowl Survey [MWS]",1,1966,2019,"$0",54,"Species","Habitat management","https://sciencetracker.deltacouncil.ca.gov/node/50207"
"50207","Mid-Winter Waterfowl Survey [MWS]",1,1966,2019,"$0",54,"Species","Native species management","https://sciencetracker.deltacouncil.ca.gov/node/50207"
"49923","San Francisco Bay Joint Venture",1,1989,2019,"$0",31,"Environmental conditions","Flood risk and land use management","https://sciencetracker.deltacouncil.ca.gov/node/49923"
"49923","San Francisco Bay Joint Venture",1,1989,2019,"$0",31,"Environmental conditions","Habitat management","https://sciencetracker.deltacouncil.ca.gov/node/49923"
"49923","San Francisco Bay Joint Venture",1,1989,2019,"$0",31,"Environmental conditions","Native species management","https://sciencetracker.deltacouncil.ca.gov/node/49923"
"49923","San Francisco Bay Joint Venture",1,1989,2019,"$0",31,"Habitat changes","Flood risk and land use management","https://sciencetracker.deltacouncil.ca.gov/node/49923"
"49923","San Francisco Bay Joint Venture",1,1989,2019,"$0",31,"Habitat changes","Habitat management","https://sciencetracker.deltacouncil.ca.gov/node/49923"
"49923","San Francisco Bay Joint Venture",1,1989,2019,"$0",31,"Habitat changes","Native species management","https://sciencetracker.deltacouncil.ca.gov/node/49923"
"49923","San Francisco Bay Joint Venture",1,1989,2019,"$0",31,"Land use and human activities","Flood risk and land use management","https://sciencetracker.deltacouncil.ca.gov/node/49923"
"49923","San Francisco Bay Joint Venture",1,1989,2019,"$0",31,"Land use and human activities","Habitat management","https://sciencetracker.deltacouncil.ca.gov/node/49923"
"49923","San Francisco Bay Joint Venture",1,1989,2019,"$0",31,"Land use and human activities","Native species management","https://sciencetracker.deltacouncil.ca.gov/node/49923"
"49923","San Francisco Bay Joint Venture",1,1989,2019,"$0",31,"Species","Flood risk and land use management","https://sciencetracker.deltacouncil.ca.gov/node/49923"
"49923","San Francisco Bay Joint Venture",1,1989,2019,"$0",31,"Species","Habitat management","https://sciencetracker.deltacouncil.ca.gov/node/49923"
"49923","San Francisco Bay Joint Venture",1,1989,2019,"$0",31,"Species","Native species management","https://sciencetracker.deltacouncil.ca.gov/node/49923"
"49951","eBird",1,1983,2019,"$0",37,NA,NA,"https://sciencetracker.deltacouncil.ca.gov/node/49951"
"50175","Water Tracker",1,2002,2018,"$0",17,NA,NA,"https://sciencetracker.deltacouncil.ca.gov/node/50175"
"50156","California Aquatic Resource Inventory [CARI]",1,2016,2019,"$0",4,"Habitat changes","Flood risk and land use management","https://sciencetracker.deltacouncil.ca.gov/node/50156"
"50158","Multibeam Delta Bathymetry Surveys",1,1982,2019,"$0",38,"Environmental conditions","Flood risk and land use management","https://sciencetracker.deltacouncil.ca.gov/node/50158"
"50158","Multibeam Delta Bathymetry Surveys",1,1982,2019,"$0",38,"Habitat changes","Flood risk and land use management","https://sciencetracker.deltacouncil.ca.gov/node/50158"
"50198","National Strong Motion Project [NSMP]",1,1988,2019,"$0",32,"Environmental conditions","Flood risk and land use management","https://sciencetracker.deltacouncil.ca.gov/node/50198"
"50198","National Strong Motion Project [NSMP]",1,1988,2019,"$0",32,"Habitat changes","Flood risk and land use management","https://sciencetracker.deltacouncil.ca.gov/node/50198"
"50187","National Water Use Science Project [NWUSP]",1,1950,2019,"$0",70,"Environmental conditions","Water supply management","https://sciencetracker.deltacouncil.ca.gov/node/50187"
"50187","National Water Use Science Project [NWUSP]",1,1950,2019,"$0",70,"Land use and human activities","Water supply management","https://sciencetracker.deltacouncil.ca.gov/node/50187"
"49941","North American Breeding Bird Survey [BBS]",1,1975,2019,"$0",45,NA,NA,"https://sciencetracker.deltacouncil.ca.gov/node/49941"
"50113","Aquatic Invasive Species [AIS] Program",1,NA,NA,"$0",NA,"Habitat changes","Habitat management","https://sciencetracker.deltacouncil.ca.gov/node/50113"
"50113","Aquatic Invasive Species [AIS] Program",1,NA,NA,"$0",NA,"Habitat changes","Invasive / non-native species management","https://sciencetracker.deltacouncil.ca.gov/node/50113"
"50113","Aquatic Invasive Species [AIS] Program",1,NA,NA,"$0",NA,"Species","Habitat management","https://sciencetracker.deltacouncil.ca.gov/node/50113"
"50113","Aquatic Invasive Species [AIS] Program",1,NA,NA,"$0",NA,"Species","Invasive / non-native species management","https://sciencetracker.deltacouncil.ca.gov/node/50113"
"50139","Soil Survey Geographic Database [SSURGO]",1,2008,2016,"$0",9,NA,NA,"https://sciencetracker.deltacouncil.ca.gov/node/50139"
"50213","Red Bluff Diversion Dam Rotary Screw Traps",1,2021,NA,"$0",NA,"Hydrology and hydrodynamics","Native species management","https://sciencetracker.deltacouncil.ca.gov/node/50213"
"50108","Groundwater Monitoring",1,1995,2019,"$0",25,"Environmental conditions","Water supply management","https://sciencetracker.deltacouncil.ca.gov/node/50108"
"50108","Groundwater Monitoring",1,1995,2019,"$0",25,"Land use and human activities","Water supply management","https://sciencetracker.deltacouncil.ca.gov/node/50108"
"50173","Delta Region Areawide Aquatic Weed Project [DRAAWP]",1,1993,2019,"$0",27,"Habitat changes","Invasive / non-native species management","https://sciencetracker.deltacouncil.ca.gov/node/50173"
"50173","Delta Region Areawide Aquatic Weed Project [DRAAWP]",1,1993,2019,"$0",27,"Species","Invasive / non-native species management","https://sciencetracker.deltacouncil.ca.gov/node/50173"
"50116","Mokelumne River Rotary Screw Trap Monitoring",1,1991,2019,"$0",29,"Environmental conditions","Habitat management","https://sciencetracker.deltacouncil.ca.gov/node/50116"
"50116","Mokelumne River Rotary Screw Trap Monitoring",1,1991,2019,"$0",29,"Environmental conditions","Native species management","https://sciencetracker.deltacouncil.ca.gov/node/50116"
"50116","Mokelumne River Rotary Screw Trap Monitoring",1,1991,2019,"$0",29,"Habitat changes","Habitat management","https://sciencetracker.deltacouncil.ca.gov/node/50116"
"50116","Mokelumne River Rotary Screw Trap Monitoring",1,1991,2019,"$0",29,"Habitat changes","Native species management","https://sciencetracker.deltacouncil.ca.gov/node/50116"
"50116","Mokelumne River Rotary Screw Trap Monitoring",1,1991,2019,"$0",29,"Land use and human activities","Habitat management","https://sciencetracker.deltacouncil.ca.gov/node/50116"
"50116","Mokelumne River Rotary Screw Trap Monitoring",1,1991,2019,"$0",29,"Land use and human activities","Native species management","https://sciencetracker.deltacouncil.ca.gov/node/50116"
"50116","Mokelumne River Rotary Screw Trap Monitoring",1,1991,2019,"$0",29,"Species","Habitat management","https://sciencetracker.deltacouncil.ca.gov/node/50116"
"50116","Mokelumne River Rotary Screw Trap Monitoring",1,1991,2019,"$0",29,"Species","Native species management","https://sciencetracker.deltacouncil.ca.gov/node/50116"
"50126","Sacramento Watershed Coordinated Monitoring Program [SWCMP]",1,1988,2012,"$0",25,"Environmental conditions","Water quality","https://sciencetracker.deltacouncil.ca.gov/node/50126"
"50126","Sacramento Watershed Coordinated Monitoring Program [SWCMP]",1,1988,2012,"$0",25,"Habitat changes","Water quality","https://sciencetracker.deltacouncil.ca.gov/node/50126"
"50126","Sacramento Watershed Coordinated Monitoring Program [SWCMP]",1,1988,2012,"$0",25,"Species","Water quality","https://sciencetracker.deltacouncil.ca.gov/node/50126"
"50096","Levee Inspections",1,2015,2019,"$0",5,NA,NA,"https://sciencetracker.deltacouncil.ca.gov/node/50096"
"50097","Levee Waterside Erosion Surveys",1,2015,2019,"$0",5,"Environmental conditions","Water supply management","https://sciencetracker.deltacouncil.ca.gov/node/50097"
"50097","Levee Waterside Erosion Surveys",1,2015,2019,"$0",5,"Environmental conditions","Flood risk and land use management","https://sciencetracker.deltacouncil.ca.gov/node/50097"
"50097","Levee Waterside Erosion Surveys",1,2015,2019,"$0",5,"Land use and human activities","Water supply management","https://sciencetracker.deltacouncil.ca.gov/node/50097"
"50097","Levee Waterside Erosion Surveys",1,2015,2019,"$0",5,"Land use and human activities","Flood risk and land use management","https://sciencetracker.deltacouncil.ca.gov/node/50097"
"50199","Atmospheric River Reconnaissance",1,2011,2019,"$0",9,"Environmental conditions","Water supply management","https://sciencetracker.deltacouncil.ca.gov/node/50199"
"50199","Atmospheric River Reconnaissance",1,2011,2019,"$0",9,"Environmental conditions","Habitat management","https://sciencetracker.deltacouncil.ca.gov/node/50199"
"50199","Atmospheric River Reconnaissance",1,2011,2019,"$0",9,"Species","Water supply management","https://sciencetracker.deltacouncil.ca.gov/node/50199"
"50199","Atmospheric River Reconnaissance",1,2011,2019,"$0",9,"Species","Habitat management","https://sciencetracker.deltacouncil.ca.gov/node/50199"
"50144","Freshwater CyanoHABs Program [Blue-Green Algae Harmful Algal Blooms]",1,1976,2019,"$0",44,"Environmental conditions","Habitat management","https://sciencetracker.deltacouncil.ca.gov/node/50144"
"50144","Freshwater CyanoHABs Program [Blue-Green Algae Harmful Algal Blooms]",1,1976,2019,"$0",44,"Environmental conditions","Water quality","https://sciencetracker.deltacouncil.ca.gov/node/50144"
"50144","Freshwater CyanoHABs Program [Blue-Green Algae Harmful Algal Blooms]",1,1976,2019,"$0",44,"Habitat changes","Habitat management","https://sciencetracker.deltacouncil.ca.gov/node/50144"
"50144","Freshwater CyanoHABs Program [Blue-Green Algae Harmful Algal Blooms]",1,1976,2019,"$0",44,"Habitat changes","Water quality","https://sciencetracker.deltacouncil.ca.gov/node/50144"
"50144","Freshwater CyanoHABs Program [Blue-Green Algae Harmful Algal Blooms]",1,1976,2019,"$0",44,"Land use and human activities","Habitat management","https://sciencetracker.deltacouncil.ca.gov/node/50144"
"50144","Freshwater CyanoHABs Program [Blue-Green Algae Harmful Algal Blooms]",1,1976,2019,"$0",44,"Land use and human activities","Water quality","https://sciencetracker.deltacouncil.ca.gov/node/50144"
"50144","Freshwater CyanoHABs Program [Blue-Green Algae Harmful Algal Blooms]",1,1976,2019,"$0",44,"Species","Habitat management","https://sciencetracker.deltacouncil.ca.gov/node/50144"
"50144","Freshwater CyanoHABs Program [Blue-Green Algae Harmful Algal Blooms]",1,1976,2019,"$0",44,"Species","Water quality","https://sciencetracker.deltacouncil.ca.gov/node/50144"
"50180","Surface Water Protection Program",1,1998,2019,"$0",22,"Environmental conditions","Water quality","https://sciencetracker.deltacouncil.ca.gov/node/50180"
"50180","Surface Water Protection Program",1,1998,2019,"$0",22,"Habitat changes","Water quality","https://sciencetracker.deltacouncil.ca.gov/node/50180"
"50081","Endangered Species Project",1,1950,2019,"$0",70,"Environmental conditions","Water quality","https://sciencetracker.deltacouncil.ca.gov/node/50081"
"50081","Endangered Species Project",1,1950,2019,"$0",70,"Environmental conditions","Native species management","https://sciencetracker.deltacouncil.ca.gov/node/50081"
"50081","Endangered Species Project",1,1950,2019,"$0",70,"Environmental conditions","Flood risk and land use management","https://sciencetracker.deltacouncil.ca.gov/node/50081"
"50081","Endangered Species Project",1,1950,2019,"$0",70,"Land use and human activities","Water quality","https://sciencetracker.deltacouncil.ca.gov/node/50081"
"50081","Endangered Species Project",1,1950,2019,"$0",70,"Land use and human activities","Native species management","https://sciencetracker.deltacouncil.ca.gov/node/50081"
"50081","Endangered Species Project",1,1950,2019,"$0",70,"Land use and human activities","Flood risk and land use management","https://sciencetracker.deltacouncil.ca.gov/node/50081"
"50081","Endangered Species Project",1,1950,2019,"$0",70,"Species","Water quality","https://sciencetracker.deltacouncil.ca.gov/node/50081"
"50081","Endangered Species Project",1,1950,2019,"$0",70,"Species","Native species management","https://sciencetracker.deltacouncil.ca.gov/node/50081"
"50081","Endangered Species Project",1,1950,2019,"$0",70,"Species","Flood risk and land use management","https://sciencetracker.deltacouncil.ca.gov/node/50081"
"50137","Central Valley Chinook Adult Escapement Monitoring Project",1,1979,2019,"$0",41,"Habitat changes","Native species management","https://sciencetracker.deltacouncil.ca.gov/node/50137"
"50137","Central Valley Chinook Adult Escapement Monitoring Project",1,1979,2019,"$0",41,"Species","Native species management","https://sciencetracker.deltacouncil.ca.gov/node/50137"
"50142","Anadromous Fish Abundance and Trends",1,1959,2019,"$0",61,NA,NA,"https://sciencetracker.deltacouncil.ca.gov/node/50142"
"50135","Bioassessment Program",1,2009,2019,"$0",11,NA,NA,"https://sciencetracker.deltacouncil.ca.gov/node/50135"
"49942","Marine Invasive Species Program [MISP]",1,NA,NA,"$0",NA,"Species","Invasive / non-native species management","https://sciencetracker.deltacouncil.ca.gov/node/49942"
"49942","Marine Invasive Species Program [MISP]",1,NA,NA,"$0",NA,"Species","Habitat management","https://sciencetracker.deltacouncil.ca.gov/node/49942"
"50143","Anadromous Fish Distribution",1,1980,2019,"$0",40,"Habitat changes","Native species management","https://sciencetracker.deltacouncil.ca.gov/node/50143"
"50143","Anadromous Fish Distribution",1,1980,2019,"$0",40,"Land use and human activities","Native species management","https://sciencetracker.deltacouncil.ca.gov/node/50143"
"50143","Anadromous Fish Distribution",1,1980,2019,"$0",40,"Species","Native species management","https://sciencetracker.deltacouncil.ca.gov/node/50143"
"50076","Contra Costa Water District Source Water Monitoring",1,NA,NA,"$0",NA,"Environmental conditions","Water supply management","https://sciencetracker.deltacouncil.ca.gov/node/50076"
"50076","Contra Costa Water District Source Water Monitoring",1,NA,NA,"$0",NA,"Environmental conditions","Water quality","https://sciencetracker.deltacouncil.ca.gov/node/50076"
"50128","California Rice Commission [CA Rice] Groundwater Monitoring",1,2003,2019,"$0",17,"Environmental conditions","Water quality","https://sciencetracker.deltacouncil.ca.gov/node/50128"
"50128","California Rice Commission [CA Rice] Groundwater Monitoring",1,2003,2019,"$0",17,"Environmental conditions","Water supply management","https://sciencetracker.deltacouncil.ca.gov/node/50128"
"50128","California Rice Commission [CA Rice] Groundwater Monitoring",1,2003,2019,"$0",17,"Habitat changes","Water quality","https://sciencetracker.deltacouncil.ca.gov/node/50128"
"50128","California Rice Commission [CA Rice] Groundwater Monitoring",1,2003,2019,"$0",17,"Habitat changes","Water supply management","https://sciencetracker.deltacouncil.ca.gov/node/50128"
"50128","California Rice Commission [CA Rice] Groundwater Monitoring",1,2003,2019,"$0",17,"Land use and human activities","Water quality","https://sciencetracker.deltacouncil.ca.gov/node/50128"
"50128","California Rice Commission [CA Rice] Groundwater Monitoring",1,2003,2019,"$0",17,"Land use and human activities","Water supply management","https://sciencetracker.deltacouncil.ca.gov/node/50128"
"49938","Central Valley Enhanced Acoustic Tagging Project",1,NA,NA,"$0",NA,"Species","Native species management","https://sciencetracker.deltacouncil.ca.gov/node/49938"
"50098","Water Quality Exchange [WQX]",1,1964,2019,"$0",56,"Environmental conditions","Water quality","https://sciencetracker.deltacouncil.ca.gov/node/50098"
"49809","Operation Baseline Project 1: Conceptual Framework",1,2017,2021,"$61,000",5,"Water quality","Environmental conditions","https://sciencetracker.deltacouncil.ca.gov/node/49809"
"49809","Operation Baseline Project 1: Conceptual Framework",1,2017,2021,"$61,000",5,"Water quality","Water quality","https://sciencetracker.deltacouncil.ca.gov/node/49809"
"49857","Assessing Sediment Nutrient Storage and Release in the Delta: Linking Benthic Nutrient Cycling to Resotration, Aquatic Vegetation, Phytoplankton Productivity, and Harmful Algal Blooms",1,2019,2022,"$939,215",4,"Nutrients, energy and food web","Environmental conditions","https://sciencetracker.deltacouncil.ca.gov/node/49857"
"49857","Assessing Sediment Nutrient Storage and Release in the Delta: Linking Benthic Nutrient Cycling to Resotration, Aquatic Vegetation, Phytoplankton Productivity, and Harmful Algal Blooms",1,2019,2022,"$939,215",4,"Nutrients, energy and food web","Water quality","https://sciencetracker.deltacouncil.ca.gov/node/49857"
"49857","Assessing Sediment Nutrient Storage and Release in the Delta: Linking Benthic Nutrient Cycling to Resotration, Aquatic Vegetation, Phytoplankton Productivity, and Harmful Algal Blooms",1,2019,2022,"$939,215",4,"Sediment","Environmental conditions","https://sciencetracker.deltacouncil.ca.gov/node/49857"
"49857","Assessing Sediment Nutrient Storage and Release in the Delta: Linking Benthic Nutrient Cycling to Resotration, Aquatic Vegetation, Phytoplankton Productivity, and Harmful Algal Blooms",1,2019,2022,"$939,215",4,"Sediment","Water quality","https://sciencetracker.deltacouncil.ca.gov/node/49857"
"49857","Assessing Sediment Nutrient Storage and Release in the Delta: Linking Benthic Nutrient Cycling to Resotration, Aquatic Vegetation, Phytoplankton Productivity, and Harmful Algal Blooms",1,2019,2022,"$939,215",4,"Water quality","Environmental conditions","https://sciencetracker.deltacouncil.ca.gov/node/49857"
"49857","Assessing Sediment Nutrient Storage and Release in the Delta: Linking Benthic Nutrient Cycling to Resotration, Aquatic Vegetation, Phytoplankton Productivity, and Harmful Algal Blooms",1,2019,2022,"$939,215",4,"Water quality","Water quality","https://sciencetracker.deltacouncil.ca.gov/node/49857"
"49868","An Evaluation of Sublethal and Latent Pyrethroid Toxicity Across a Salinity Gradient in Two Delta Fish Species",1,2019,2021,"$494,663",3,"Water quality","Water quality","https://sciencetracker.deltacouncil.ca.gov/node/49868"
"49868","An Evaluation of Sublethal and Latent Pyrethroid Toxicity Across a Salinity Gradient in Two Delta Fish Species",1,2019,2021,"$494,663",3,"Water quality","Environmental conditions","https://sciencetracker.deltacouncil.ca.gov/node/49868"
"49872","Consequences of Phragmites invasion for community function in Suisun Marsh",1,2020,2022,"$228,456",3,"Invasive / non-native species","Invasive / non-native species management","https://sciencetracker.deltacouncil.ca.gov/node/49872"
"49879","Environmental geochemistry and tidal wetland support of pelagic food webs",1,2020,2022,"$129,800",3,"Nutrients, energy and food web","Habitat management","https://sciencetracker.deltacouncil.ca.gov/node/49879"
"49805","Do light, nutrient, and salinity interactions drive the bad Suisun phenomenon? A physiological assessment of biological hotspots in the San Francisco Bay-Delta",1,2018,2020,"$200,143",3,"Water quality","Environmental conditions","https://sciencetracker.deltacouncil.ca.gov/node/49805"
"49805","Do light, nutrient, and salinity interactions drive the bad Suisun phenomenon? A physiological assessment of biological hotspots in the San Francisco Bay-Delta",1,2018,2020,"$200,143",3,"Water quality","Water quality","https://sciencetracker.deltacouncil.ca.gov/node/49805"
"49882","Using existing datasets to understand multi-scale changes in and controls on biogeochemistry in the SF Bay-Delta",1,2020,2022,"$221,659",3,"Water quality","Water quality","https://sciencetracker.deltacouncil.ca.gov/node/49882"
"50212","Pacific States Marine Fisheries Commission Coleman-Nimbus Tagging",1,2021,NA,"$0",NA,"Fish","Native species management","https://sciencetracker.deltacouncil.ca.gov/node/50212"
"50082","Pesticide Use Reporting",1,2007,2019,"$0",13,NA,NA,"https://sciencetracker.deltacouncil.ca.gov/node/50082"
"50204","California Cooperative Snow Surveys [CCSS] program",1,NA,NA,"$0",NA,"Environmental conditions","Habitat management","https://sciencetracker.deltacouncil.ca.gov/node/50204"
"50204","California Cooperative Snow Surveys [CCSS] program",1,NA,NA,"$0",NA,"Environmental conditions","Water supply management","https://sciencetracker.deltacouncil.ca.gov/node/50204"
"50204","California Cooperative Snow Surveys [CCSS] program",1,NA,NA,"$0",NA,"Habitat changes","Habitat management","https://sciencetracker.deltacouncil.ca.gov/node/50204"
"50204","California Cooperative Snow Surveys [CCSS] program",1,NA,NA,"$0",NA,"Habitat changes","Water supply management","https://sciencetracker.deltacouncil.ca.gov/node/50204"
"50204","California Cooperative Snow Surveys [CCSS] program",1,NA,NA,"$0",NA,"Land use and human activities","Habitat management","https://sciencetracker.deltacouncil.ca.gov/node/50204"
"50204","California Cooperative Snow Surveys [CCSS] program",1,NA,NA,"$0",NA,"Land use and human activities","Water supply management","https://sciencetracker.deltacouncil.ca.gov/node/50204"
"50102","San Francisco Bay National Estuarine Research Reserve",1,2003,2018,"$0",16,NA,NA,"https://sciencetracker.deltacouncil.ca.gov/node/50102"
"49816","The effects of early hypersaline acclimation due to climate change on the toxicity of pyrethroid, an insecticide, in salmonids.",1,2016,2018,"$0",3,"Weather and climate","Water quality","https://sciencetracker.deltacouncil.ca.gov/node/49816"
"50197","Mineral Resources Program",1,1980,2019,"$0",40,"Environmental conditions","Habitat management","https://sciencetracker.deltacouncil.ca.gov/node/50197"
"50197","Mineral Resources Program",1,1980,2019,"$0",40,"Environmental conditions","Flood risk and land use management","https://sciencetracker.deltacouncil.ca.gov/node/50197"
"50197","Mineral Resources Program",1,1980,2019,"$0",40,"Environmental conditions","Water quality","https://sciencetracker.deltacouncil.ca.gov/node/50197"
"50197","Mineral Resources Program",1,1980,2019,"$0",40,"Habitat changes","Habitat management","https://sciencetracker.deltacouncil.ca.gov/node/50197"
"50197","Mineral Resources Program",1,1980,2019,"$0",40,"Habitat changes","Flood risk and land use management","https://sciencetracker.deltacouncil.ca.gov/node/50197"
"50197","Mineral Resources Program",1,1980,2019,"$0",40,"Habitat changes","Water quality","https://sciencetracker.deltacouncil.ca.gov/node/50197"
"50197","Mineral Resources Program",1,1980,2019,"$0",40,"Land use and human activities","Habitat management","https://sciencetracker.deltacouncil.ca.gov/node/50197"
"50197","Mineral Resources Program",1,1980,2019,"$0",40,"Land use and human activities","Flood risk and land use management","https://sciencetracker.deltacouncil.ca.gov/node/50197"
"50197","Mineral Resources Program",1,1980,2019,"$0",40,"Land use and human activities","Water quality","https://sciencetracker.deltacouncil.ca.gov/node/50197"
"50194","Regional Geologic Mapping Program [RGMP]",1,1991,2019,"$0",29,NA,NA,"https://sciencetracker.deltacouncil.ca.gov/node/50194"
"50195","Seismic Hazards Program",1,1955,2019,"$0",65,"Environmental conditions","Habitat management","https://sciencetracker.deltacouncil.ca.gov/node/50195"
"50195","Seismic Hazards Program",1,1955,2019,"$0",65,"Environmental conditions","Flood risk and land use management","https://sciencetracker.deltacouncil.ca.gov/node/50195"
"50195","Seismic Hazards Program",1,1955,2019,"$0",65,"Habitat changes","Habitat management","https://sciencetracker.deltacouncil.ca.gov/node/50195"
"50195","Seismic Hazards Program",1,1955,2019,"$0",65,"Habitat changes","Flood risk and land use management","https://sciencetracker.deltacouncil.ca.gov/node/50195"
"50195","Seismic Hazards Program",1,1955,2019,"$0",65,"Land use and human activities","Habitat management","https://sciencetracker.deltacouncil.ca.gov/node/50195"
"50195","Seismic Hazards Program",1,1955,2019,"$0",65,"Land use and human activities","Flood risk and land use management","https://sciencetracker.deltacouncil.ca.gov/node/50195"
"49862","An Improved Genomics Tool for Characterizing Life History Diversity and Promoting Resilience in Central Valley Chinook Salmon",1,2019,2022,"$632,909",4,"Fish","Environmental conditions","https://sciencetracker.deltacouncil.ca.gov/node/49862"
"49862","An Improved Genomics Tool for Characterizing Life History Diversity and Promoting Resilience in Central Valley Chinook Salmon",1,2019,2022,"$632,909",4,"Fish","Native species management","https://sciencetracker.deltacouncil.ca.gov/node/49862"
"49779","Delta Wetland Resilience and Blue Carbon",1,2019,2023,"$819,998",5,"Tidal wetlands","Flood risk and land use management","https://sciencetracker.deltacouncil.ca.gov/node/49779"
"49779","Delta Wetland Resilience and Blue Carbon",1,2019,2023,"$819,998",5,"Tidal wetlands","Habitat management","https://sciencetracker.deltacouncil.ca.gov/node/49779"
"49787","Delta Landscapes Primary Production Project",1,2016,2020,"$1,472,717",5,"Nutrients, energy and food web","Habitat management","https://sciencetracker.deltacouncil.ca.gov/node/49787"
"49787","Delta Landscapes Primary Production Project",1,2016,2020,"$1,472,717",5,"Nutrients, energy and food web","Water quality","https://sciencetracker.deltacouncil.ca.gov/node/49787"
"49787","Delta Landscapes Primary Production Project",1,2016,2020,"$1,472,717",5,"Tidal wetlands","Habitat management","https://sciencetracker.deltacouncil.ca.gov/node/49787"
"49787","Delta Landscapes Primary Production Project",1,2016,2020,"$1,472,717",5,"Tidal wetlands","Water quality","https://sciencetracker.deltacouncil.ca.gov/node/49787"
"49787","Delta Landscapes Primary Production Project",1,2016,2020,"$1,472,717",5,"Floodplain","Habitat management","https://sciencetracker.deltacouncil.ca.gov/node/49787"
"49787","Delta Landscapes Primary Production Project",1,2016,2020,"$1,472,717",5,"Floodplain","Water quality","https://sciencetracker.deltacouncil.ca.gov/node/49787"
"49787","Delta Landscapes Primary Production Project",1,2016,2020,"$1,472,717",5,"Channelized habitats","Habitat management","https://sciencetracker.deltacouncil.ca.gov/node/49787"
"49787","Delta Landscapes Primary Production Project",1,2016,2020,"$1,472,717",5,"Channelized habitats","Water quality","https://sciencetracker.deltacouncil.ca.gov/node/49787"
"50177","Water Quality of San Francisco Bay",1,1993,2019,"$0",27,"Environmental conditions","Water supply management","https://sciencetracker.deltacouncil.ca.gov/node/50177"
"50177","Water Quality of San Francisco Bay",1,1993,2019,"$0",27,"Environmental conditions","Habitat management","https://sciencetracker.deltacouncil.ca.gov/node/50177"
"50177","Water Quality of San Francisco Bay",1,1993,2019,"$0",27,"Environmental conditions","Water quality","https://sciencetracker.deltacouncil.ca.gov/node/50177"
"50177","Water Quality of San Francisco Bay",1,1993,2019,"$0",27,"Habitat changes","Water supply management","https://sciencetracker.deltacouncil.ca.gov/node/50177"
"50177","Water Quality of San Francisco Bay",1,1993,2019,"$0",27,"Habitat changes","Habitat management","https://sciencetracker.deltacouncil.ca.gov/node/50177"
"50177","Water Quality of San Francisco Bay",1,1993,2019,"$0",27,"Habitat changes","Water quality","https://sciencetracker.deltacouncil.ca.gov/node/50177"
"50192","Regional Monitoring Program for Water Quality in San Francisco Bay",1,1950,2019,"$0",70,"Environmental conditions","Water quality","https://sciencetracker.deltacouncil.ca.gov/node/50192"
"50192","Regional Monitoring Program for Water Quality in San Francisco Bay",1,1950,2019,"$0",70,"Habitat changes","Water quality","https://sciencetracker.deltacouncil.ca.gov/node/50192"
"50090","Fall Midwater Trawl Survey [FMWT]",1,1994,2019,"$0",26,"Environmental conditions","Native species management","https://sciencetracker.deltacouncil.ca.gov/node/50090"
"50090","Fall Midwater Trawl Survey [FMWT]",1,1994,2019,"$0",26,"Species","Native species management","https://sciencetracker.deltacouncil.ca.gov/node/50090"
"50188","Berkeley Seismology Lab Geophysical Networks",1,NA,NA,"$0",NA,"Environmental conditions","Habitat management","https://sciencetracker.deltacouncil.ca.gov/node/50188"
"50188","Berkeley Seismology Lab Geophysical Networks",1,NA,NA,"$0",NA,"Habitat changes","Habitat management","https://sciencetracker.deltacouncil.ca.gov/node/50188"
"49803","Reevaluating ecosystem functioning and carbon storage potential of a coastal wetland through integration of lateral and vertical carbon flux estimates",1,2018,2020,"$229,876",3,"Hydrology and hydrodynamics","Environmental conditions","https://sciencetracker.deltacouncil.ca.gov/node/49803"
"49803","Reevaluating ecosystem functioning and carbon storage potential of a coastal wetland through integration of lateral and vertical carbon flux estimates",1,2018,2020,"$229,876",3,"Hydrology and hydrodynamics","Habitat management","https://sciencetracker.deltacouncil.ca.gov/node/49803"
"50130","Ecosystem Spaceborne Thermal Radiometer Experiment on International Space Station [ECOSTRESS]",1,2016,2019,"$0",4,"Environmental conditions","Water supply management","https://sciencetracker.deltacouncil.ca.gov/node/50130"
"50130","Ecosystem Spaceborne Thermal Radiometer Experiment on International Space Station [ECOSTRESS]",1,2016,2019,"$0",4,"Habitat changes","Water supply management","https://sciencetracker.deltacouncil.ca.gov/node/50130"
"50130","Ecosystem Spaceborne Thermal Radiometer Experiment on International Space Station [ECOSTRESS]",1,2016,2019,"$0",4,"Land use and human activities","Water supply management","https://sciencetracker.deltacouncil.ca.gov/node/50130"
"50105","Electronic Water Rights Information Management System [eWRIMS]",1,1979,2019,"$0",41,NA,NA,"https://sciencetracker.deltacouncil.ca.gov/node/50105"
"50117","Beneficial Use Assessment",1,1995,2019,"$0",25,"Environmental conditions","Water quality","https://sciencetracker.deltacouncil.ca.gov/node/50117"
"50117","Beneficial Use Assessment",1,1995,2019,"$0",25,"Habitat changes","Water quality","https://sciencetracker.deltacouncil.ca.gov/node/50117"
"50117","Beneficial Use Assessment",1,1995,2019,"$0",25,"Land use and human activities","Water quality","https://sciencetracker.deltacouncil.ca.gov/node/50117"
"50165","California Boat Registration",1,2003,2019,"$0",17,"Environmental conditions","Flood risk and land use management","https://sciencetracker.deltacouncil.ca.gov/node/50165"
"50165","California Boat Registration",1,2003,2019,"$0",17,"Land use and human activities","Flood risk and land use management","https://sciencetracker.deltacouncil.ca.gov/node/50165"
"52581","Integrating social and ecological research to control invasive species: fostering collective action among private and public stakeholders",1,2021,2024,"$998,896",4,"Invasive / non-native species","Invasive / non-native species management","https://sciencetracker.deltacouncil.ca.gov/node/52581"
"49791","Delta Salmon Rearing Project",1,2019,2020,"$0",2,"Fish","Habitat management","https://sciencetracker.deltacouncil.ca.gov/node/49791"
"49791","Delta Salmon Rearing Project",1,2019,2020,"$0",2,"Fish","Native species management","https://sciencetracker.deltacouncil.ca.gov/node/49791"
"49790","Landscape Visioning Pilot Application for Staten Island",1,2020,2021,"$0",2,"Land use and human activities","Habitat management","https://sciencetracker.deltacouncil.ca.gov/node/49790"
"49894","Aquatic Habitat Sampling Platform: Standardized Fish Community Sampling Across Habitat Types",1,2018,NA,"$0",NA,"Fish","Native species management","https://sciencetracker.deltacouncil.ca.gov/node/49894"
"49784","Delta Aquatic Resource Inventory",1,2018,2021,"$263,928",4,"Habitat changes","Habitat management","https://sciencetracker.deltacouncil.ca.gov/node/49784"
"49784","Delta Aquatic Resource Inventory",1,2018,2021,"$263,928",4,"Tidal wetlands","Habitat management","https://sciencetracker.deltacouncil.ca.gov/node/49784"
"49788","Delta Landscape Scenario Planning Tool",1,2018,2021,"$1,472,717",4,"Biological resource use","Environmental conditions","https://sciencetracker.deltacouncil.ca.gov/node/49788"
"49788","Delta Landscape Scenario Planning Tool",1,2018,2021,"$1,472,717",4,"Biological resource use","Habitat management","https://sciencetracker.deltacouncil.ca.gov/node/49788"
"49788","Delta Landscape Scenario Planning Tool",1,2018,2021,"$1,472,717",4,"Habitat changes","Environmental conditions","https://sciencetracker.deltacouncil.ca.gov/node/49788"
"49788","Delta Landscape Scenario Planning Tool",1,2018,2021,"$1,472,717",4,"Habitat changes","Habitat management","https://sciencetracker.deltacouncil.ca.gov/node/49788"
"49788","Delta Landscape Scenario Planning Tool",1,2018,2021,"$1,472,717",4,"Land use and human activities","Environmental conditions","https://sciencetracker.deltacouncil.ca.gov/node/49788"
"49788","Delta Landscape Scenario Planning Tool",1,2018,2021,"$1,472,717",4,"Land use and human activities","Habitat management","https://sciencetracker.deltacouncil.ca.gov/node/49788"
"50179","Western Regional Climate Center [WRCC] - Weather Monitoring",1,1992,2019,"$0",28,NA,NA,"https://sciencetracker.deltacouncil.ca.gov/node/50179"
"49793","Soil type as a driver of agricultural climate change response in the Sacramento-San Joaquin Delta",1,2018,2020,"$151,327",3,"Nutrients, energy and food web","Habitat management","https://sciencetracker.deltacouncil.ca.gov/node/49793"
"49870","Integrated Science and Management of Nutrient, Salt, and Mercury Export from San Joaquin River Wetland Tributaries to the Delta",1,2019,2022,"$863,160",4,"Water quality","Water quality","https://sciencetracker.deltacouncil.ca.gov/node/49870"
"49870","Integrated Science and Management of Nutrient, Salt, and Mercury Export from San Joaquin River Wetland Tributaries to the Delta",1,2019,2022,"$863,160",4,"Water quality","Environmental conditions","https://sciencetracker.deltacouncil.ca.gov/node/49870"
"49798","Effects of copper exposure on the olfactory response of Delta smelt [Hypomesus transpacificus]: Investigating linkages between morphological and behavioral anti-predator response",1,2018,2020,"$129,712",3,"Fish","Environmental conditions","https://sciencetracker.deltacouncil.ca.gov/node/49798"
"49798","Effects of copper exposure on the olfactory response of Delta smelt [Hypomesus transpacificus]: Investigating linkages between morphological and behavioral anti-predator response",1,2018,2020,"$129,712",3,"Fish","Water quality","https://sciencetracker.deltacouncil.ca.gov/node/49798"
"49792","Delta Regional Monitoring Program Mercury Monitoring",1,2016,2021,"$0",6,"Fish","Environmental conditions","https://sciencetracker.deltacouncil.ca.gov/node/49792"
"49792","Delta Regional Monitoring Program Mercury Monitoring",1,2016,2021,"$0",6,"Fish","Water quality","https://sciencetracker.deltacouncil.ca.gov/node/49792"
"49792","Delta Regional Monitoring Program Mercury Monitoring",1,2016,2021,"$0",6,"Tidal wetlands","Environmental conditions","https://sciencetracker.deltacouncil.ca.gov/node/49792"
"49792","Delta Regional Monitoring Program Mercury Monitoring",1,2016,2021,"$0",6,"Tidal wetlands","Water quality","https://sciencetracker.deltacouncil.ca.gov/node/49792"
"49792","Delta Regional Monitoring Program Mercury Monitoring",1,2016,2021,"$0",6,"Water quality","Environmental conditions","https://sciencetracker.deltacouncil.ca.gov/node/49792"
"49792","Delta Regional Monitoring Program Mercury Monitoring",1,2016,2021,"$0",6,"Water quality","Water quality","https://sciencetracker.deltacouncil.ca.gov/node/49792"
"50106","AmeriFlux Network",1,2014,2016,"$0",3,NA,NA,"https://sciencetracker.deltacouncil.ca.gov/node/50106"
"50203","National Geospatial Agriculture Monitoring",1,NA,NA,"$0",NA,"Land use and human activities","Habitat management","https://sciencetracker.deltacouncil.ca.gov/node/50203"
"50203","National Geospatial Agriculture Monitoring",1,NA,NA,"$0",NA,"Land use and human activities","Flood risk and land use management","https://sciencetracker.deltacouncil.ca.gov/node/50203"
"50183","Statewide Crop Mapping",1,1967,2019,"$0",53,"Habitat changes","Flood risk and land use management","https://sciencetracker.deltacouncil.ca.gov/node/50183"
"50183","Statewide Crop Mapping",1,1967,2019,"$0",53,"Land use and human activities","Flood risk and land use management","https://sciencetracker.deltacouncil.ca.gov/node/50183"
"50111","Perennial Streams Survey",1,NA,NA,"$0",NA,"Environmental conditions","Water quality","https://sciencetracker.deltacouncil.ca.gov/node/50111"
"50111","Perennial Streams Survey",1,NA,NA,"$0",NA,"Habitat changes","Water quality","https://sciencetracker.deltacouncil.ca.gov/node/50111"
"50111","Perennial Streams Survey",1,NA,NA,"$0",NA,"Species","Water quality","https://sciencetracker.deltacouncil.ca.gov/node/50111"
"49796","Habitat, hatcheries, and nonnative predators interact to affect juvenile salmon behavior and survival",1,2018,2020,"$138,594",3,"Fish","Native species management","https://sciencetracker.deltacouncil.ca.gov/node/49796"
"49796","Habitat, hatcheries, and nonnative predators interact to affect juvenile salmon behavior and survival",1,2018,2020,"$138,594",3,"Habitat changes","Native species management","https://sciencetracker.deltacouncil.ca.gov/node/49796"
"49796","Habitat, hatcheries, and nonnative predators interact to affect juvenile salmon behavior and survival",1,2018,2020,"$138,594",3,"Invasive / non-native species","Native species management","https://sciencetracker.deltacouncil.ca.gov/node/49796"
"50191","National Wetlands Inventory",1,NA,NA,"$0",NA,"Environmental conditions","Habitat management","https://sciencetracker.deltacouncil.ca.gov/node/50191"
"50191","National Wetlands Inventory",1,NA,NA,"$0",NA,"Environmental conditions","Flood risk and land use management","https://sciencetracker.deltacouncil.ca.gov/node/50191"
"50191","National Wetlands Inventory",1,NA,NA,"$0",NA,"Habitat changes","Habitat management","https://sciencetracker.deltacouncil.ca.gov/node/50191"
"50191","National Wetlands Inventory",1,NA,NA,"$0",NA,"Habitat changes","Flood risk and land use management","https://sciencetracker.deltacouncil.ca.gov/node/50191"
"50200","Advanced Hydrologic Prediction Service - Precipitation Monitoring",1,2015,2019,"$0",5,"Environmental conditions","Water supply management","https://sciencetracker.deltacouncil.ca.gov/node/50200"
"50200","Advanced Hydrologic Prediction Service - Precipitation Monitoring",1,2015,2019,"$0",5,"Environmental conditions","Habitat management","https://sciencetracker.deltacouncil.ca.gov/node/50200"
"50200","Advanced Hydrologic Prediction Service - Precipitation Monitoring",1,2015,2019,"$0",5,"Land use and human activities","Water supply management","https://sciencetracker.deltacouncil.ca.gov/node/50200"
"50200","Advanced Hydrologic Prediction Service - Precipitation Monitoring",1,2015,2019,"$0",5,"Land use and human activities","Habitat management","https://sciencetracker.deltacouncil.ca.gov/node/50200"
"49856","Quantifying the contribution of tidal flow variations to survival of juvenile Chinook salmon",1,2019,2022,"$510,974",4,"Channelized habitats","Environmental conditions","https://sciencetracker.deltacouncil.ca.gov/node/49856"
"49856","Quantifying the contribution of tidal flow variations to survival of juvenile Chinook salmon",1,2019,2022,"$510,974",4,"Channelized habitats","Habitat management","https://sciencetracker.deltacouncil.ca.gov/node/49856"
"49856","Quantifying the contribution of tidal flow variations to survival of juvenile Chinook salmon",1,2019,2022,"$510,974",4,"Channelized habitats","Native species management","https://sciencetracker.deltacouncil.ca.gov/node/49856"
"49856","Quantifying the contribution of tidal flow variations to survival of juvenile Chinook salmon",1,2019,2022,"$510,974",4,"Fish","Environmental conditions","https://sciencetracker.deltacouncil.ca.gov/node/49856"
"49856","Quantifying the contribution of tidal flow variations to survival of juvenile Chinook salmon",1,2019,2022,"$510,974",4,"Fish","Habitat management","https://sciencetracker.deltacouncil.ca.gov/node/49856"
"49856","Quantifying the contribution of tidal flow variations to survival of juvenile Chinook salmon",1,2019,2022,"$510,974",4,"Fish","Native species management","https://sciencetracker.deltacouncil.ca.gov/node/49856"
"49856","Quantifying the contribution of tidal flow variations to survival of juvenile Chinook salmon",1,2019,2022,"$510,974",4,"Habitat changes","Environmental conditions","https://sciencetracker.deltacouncil.ca.gov/node/49856"
"49856","Quantifying the contribution of tidal flow variations to survival of juvenile Chinook salmon",1,2019,2022,"$510,974",4,"Habitat changes","Habitat management","https://sciencetracker.deltacouncil.ca.gov/node/49856"
"49856","Quantifying the contribution of tidal flow variations to survival of juvenile Chinook salmon",1,2019,2022,"$510,974",4,"Habitat changes","Native species management","https://sciencetracker.deltacouncil.ca.gov/node/49856"
"49856","Quantifying the contribution of tidal flow variations to survival of juvenile Chinook salmon",1,2019,2022,"$510,974",4,"Hydrologic changes","Environmental conditions","https://sciencetracker.deltacouncil.ca.gov/node/49856"
"49856","Quantifying the contribution of tidal flow variations to survival of juvenile Chinook salmon",1,2019,2022,"$510,974",4,"Hydrologic changes","Habitat management","https://sciencetracker.deltacouncil.ca.gov/node/49856"
"49856","Quantifying the contribution of tidal flow variations to survival of juvenile Chinook salmon",1,2019,2022,"$510,974",4,"Hydrologic changes","Native species management","https://sciencetracker.deltacouncil.ca.gov/node/49856"
"49859","Resolving Contradictions in Foodweb Support for Native Pelagic Fishes",1,2019,2022,"$1,807,311",4,"Food webs","Native species management","https://sciencetracker.deltacouncil.ca.gov/node/49859"
"49926","The Heron and Egret Project",1,1960,2019,"$0",60,"Habitat changes","Native species management","https://sciencetracker.deltacouncil.ca.gov/node/49926"
"49926","The Heron and Egret Project",1,1960,2019,"$0",60,"Species","Native species management","https://sciencetracker.deltacouncil.ca.gov/node/49926"
"49881","Pesticide risk analyses and management actions, chemical fate and transport",1,2020,2022,"$118,511",3,"Water quality","Water quality","https://sciencetracker.deltacouncil.ca.gov/node/49881"
"49883","Nitrogen cycling and ecosystem metabolism before and after regulatory action",1,2020,2022,"$238,899",3,"Nutrients, energy and food web","Environmental conditions","https://sciencetracker.deltacouncil.ca.gov/node/49883"
"50121","SJCDWQC Surface Water Monitoring",1,2007,2019,"$0",13,"Environmental conditions","Water quality","https://sciencetracker.deltacouncil.ca.gov/node/50121"
"50121","SJCDWQC Surface Water Monitoring",1,2007,2019,"$0",13,"Habitat changes","Water quality","https://sciencetracker.deltacouncil.ca.gov/node/50121"
"50121","SJCDWQC Surface Water Monitoring",1,2007,2019,"$0",13,"Land use and human activities","Water quality","https://sciencetracker.deltacouncil.ca.gov/node/50121"
"50071","Surface Water Monitoring",1,2014,2019,"$0",6,"Environmental conditions","Water quality","https://sciencetracker.deltacouncil.ca.gov/node/50071"
"50157","Breeding Waterfowl Surveys",1,1990,2019,"$0",30,NA,NA,"https://sciencetracker.deltacouncil.ca.gov/node/50157"
"49806","Simulating methylmercury production and transport at the sediment-water interface to improve the water quality in the Delta",1,2018,2020,"$151,403",3,"Nutrients, energy and food web","Environmental conditions","https://sciencetracker.deltacouncil.ca.gov/node/49806"
"49806","Simulating methylmercury production and transport at the sediment-water interface to improve the water quality in the Delta",1,2018,2020,"$151,403",3,"Nutrients, energy and food web","Water quality","https://sciencetracker.deltacouncil.ca.gov/node/49806"
"49806","Simulating methylmercury production and transport at the sediment-water interface to improve the water quality in the Delta",1,2018,2020,"$151,403",3,"Water quality","Environmental conditions","https://sciencetracker.deltacouncil.ca.gov/node/49806"
"49806","Simulating methylmercury production and transport at the sediment-water interface to improve the water quality in the Delta",1,2018,2020,"$151,403",3,"Water quality","Water quality","https://sciencetracker.deltacouncil.ca.gov/node/49806"
"49861","Tidal Wetland Restoration in the Bay-Delta Region: Developing Tools to Measure Carbon Sequestration, Subsidence Reversal, and Climate Resiliance 2021",1,2019,2022,"$980,768",4,"Tidal wetlands","Flood risk and land use management","https://sciencetracker.deltacouncil.ca.gov/node/49861"
"49861","Tidal Wetland Restoration in the Bay-Delta Region: Developing Tools to Measure Carbon Sequestration, Subsidence Reversal, and Climate Resiliance 2021",1,2019,2022,"$980,768",4,"Tidal wetlands","Environmental conditions","https://sciencetracker.deltacouncil.ca.gov/node/49861"
"49877","Wetland carbon sequestration and impacts of climate change",1,2020,2022,"$54,925",3,"Tidal wetlands","Habitat management","https://sciencetracker.deltacouncil.ca.gov/node/49877"
"50133","Sacramento River Water Quality Monitoring",1,2004,2019,"$0",16,"Environmental conditions","Water supply management","https://sciencetracker.deltacouncil.ca.gov/node/50133"
"50133","Sacramento River Water Quality Monitoring",1,2004,2019,"$0",16,"Environmental conditions","Water quality","https://sciencetracker.deltacouncil.ca.gov/node/50133"
"50133","Sacramento River Water Quality Monitoring",1,2004,2019,"$0",16,"Land use and human activities","Water supply management","https://sciencetracker.deltacouncil.ca.gov/node/50133"
"50133","Sacramento River Water Quality Monitoring",1,2004,2019,"$0",16,"Land use and human activities","Water quality","https://sciencetracker.deltacouncil.ca.gov/node/50133"
"49858","Low-Cost Satellite Remote Sensing of the Sacramento-San Joaquin Delta to Enhance Mapping for Invasive and Native Aquatic Vegetation",1,2019,2021,"$425,346",3,"Aquatic vegetation","Invasive / non-native species management","https://sciencetracker.deltacouncil.ca.gov/node/49858"
"49858","Low-Cost Satellite Remote Sensing of the Sacramento-San Joaquin Delta to Enhance Mapping for Invasive and Native Aquatic Vegetation",1,2019,2021,"$425,346",3,"Aquatic vegetation","Native species management","https://sciencetracker.deltacouncil.ca.gov/node/49858"
"49867","Synchrony of Native Fish Movements: Synthesis Science Towards Adaptive Water Management in the Central Valley (FishSync)",1,2019,2023,"$742,415",5,"Fish","Habitat management","https://sciencetracker.deltacouncil.ca.gov/node/49867"
"49867","Synchrony of Native Fish Movements: Synthesis Science Towards Adaptive Water Management in the Central Valley (FishSync)",1,2019,2023,"$742,415",5,"Fish","Native species management","https://sciencetracker.deltacouncil.ca.gov/node/49867"
"50209","Sacramento Prediction and Assessment of Salmon [SacPAS]",1,2020,NA,"$0",NA,"Environmental conditions","Native species management","https://sciencetracker.deltacouncil.ca.gov/node/50209"
"Agricultural Coalitions:...",NA,2,NA,NA,NA,NA,NA,NA,NA
"SJCDWQC",NA,2,NA,NA,NA,NA,NA,NA,NA
"Anchor QEA",NA,2,NA,NA,NA,NA,NA,NA,NA
"SFSU",NA,2,NA,NA,NA,NA,NA,NA,NA
"USFWS",NA,2,NA,NA,NA,NA,NA,NA,NA
"DWR",NA,2,NA,NA,NA,NA,NA,NA,NA
"USGS",NA,2,NA,NA,NA,NA,NA,NA,NA
"SWC",NA,2,NA,NA,NA,NA,NA,NA,NA
"Bachand and Associates",NA,2,NA,NA,NA,NA,NA,NA,NA
"Hydrofocus Inc.",NA,2,NA,NA,NA,NA,NA,NA,NA
"LBNL",NA,2,NA,NA,NA,NA,NA,NA,NA
"RMA",NA,2,NA,NA,NA,NA,NA,NA,NA
"UCLA",NA,2,NA,NA,NA,NA,NA,NA,NA
"BTS",NA,2,NA,NA,NA,NA,NA,NA,NA
"USACE",NA,2,NA,NA,NA,NA,NA,NA,NA
"CalFish",NA,2,NA,NA,NA,NA,NA,NA,NA
"CDFW",NA,2,NA,NA,NA,NA,NA,NA,NA
"DOC",NA,2,NA,NA,NA,NA,NA,NA,NA
"USDA",NA,2,NA,NA,NA,NA,NA,NA,NA
"EcoMetric Consulting",NA,2,NA,NA,NA,NA,NA,NA,NA
"ICF International Inc.",NA,2,NA,NA,NA,NA,NA,NA,NA
"UC Davis",NA,2,NA,NA,NA,NA,NA,NA,NA
"USBR",NA,2,NA,NA,NA,NA,NA,NA,NA
"SFEI",NA,2,NA,NA,NA,NA,NA,NA,NA
"UC Berkeley",NA,2,NA,NA,NA,NA,NA,NA,NA
"NMFS",NA,2,NA,NA,NA,NA,NA,NA,NA
"UCSC",NA,2,NA,NA,NA,NA,NA,NA,NA
"Central Valley Joint Ven...",NA,2,NA,NA,NA,NA,NA,NA,NA
"The Nature Conservancy",NA,2,NA,NA,NA,NA,NA,NA,NA
"Point Blue Conservation...",NA,2,NA,NA,NA,NA,NA,NA,NA
"BLM",NA,2,NA,NA,NA,NA,NA,NA,NA
"DoD",NA,2,NA,NA,NA,NA,NA,NA,NA
"NASA",NA,2,NA,NA,NA,NA,NA,NA,NA
"PARKS",NA,2,NA,NA,NA,NA,NA,NA,NA
"CalEPA",NA,2,NA,NA,NA,NA,NA,NA,NA
"SWRCB",NA,2,NA,NA,NA,NA,NA,NA,NA
"Delta Stewardship Counci...",NA,2,NA,NA,NA,NA,NA,NA,NA
"USEPA",NA,2,NA,NA,NA,NA,NA,NA,NA
"East Bay Municipal Utili...",NA,2,NA,NA,NA,NA,NA,NA,NA
"California State Coastal...",NA,2,NA,NA,NA,NA,NA,NA,NA
"PSMFC",NA,2,NA,NA,NA,NA,NA,NA,NA
"OEHHA",NA,2,NA,NA,NA,NA,NA,NA,NA
"SCCWRP",NA,2,NA,NA,NA,NA,NA,NA,NA
"CDFA",NA,2,NA,NA,NA,NA,NA,NA,NA
"DPR",NA,2,NA,NA,NA,NA,NA,NA,NA
"CSU",NA,2,NA,NA,NA,NA,NA,NA,NA
"MLML",NA,2,NA,NA,NA,NA,NA,NA,NA
"Western Ecosystems Techn...",NA,2,NA,NA,NA,NA,NA,NA,NA
"Fishery Foundation of Ca...",NA,2,NA,NA,NA,NA,NA,NA,NA
"Yuba River Management Te...",NA,2,NA,NA,NA,NA,NA,NA,NA
"NOAA",NA,2,NA,NA,NA,NA,NA,NA,NA
"SMC",NA,2,NA,NA,NA,NA,NA,NA,NA
"CNRA",NA,2,NA,NA,NA,NA,NA,NA,NA
"Ducks Unlimited",NA,2,NA,NA,NA,NA,NA,NA,NA
"CALFIRE",NA,2,NA,NA,NA,NA,NA,NA,NA
"BCDC",NA,2,NA,NA,NA,NA,NA,NA,NA
"Solano Land Trust",NA,2,NA,NA,NA,NA,NA,NA,NA
"Sacramento-San Joaquin D...",NA,2,NA,NA,NA,NA,NA,NA,NA
"UC Riverside",NA,2,NA,NA,NA,NA,NA,NA,NA
"Lawrence Livermore Natio...",NA,2,NA,NA,NA,NA,NA,NA,NA
"CDPH",NA,2,NA,NA,NA,NA,NA,NA,NA
"Michigan State Universit...",NA,2,NA,NA,NA,NA,NA,NA,NA
"Regional San",NA,2,NA,NA,NA,NA,NA,NA,NA
"CCWD",NA,2,NA,NA,NA,NA,NA,NA,NA
"DFG",NA,2,NA,NA,NA,NA,NA,NA,NA
"Central Valley RWQCB",NA,2,NA,NA,NA,NA,NA,NA,NA
"California Rice Commissi...",NA,2,NA,NA,NA,NA,NA,NA,NA
"UCSD",NA,2,NA,NA,NA,NA,NA,NA,NA
"Caltech",NA,2,NA,NA,NA,NA,NA,NA,NA
"CWU",NA,2,NA,NA,NA,NA,NA,NA,NA
"UW",NA,2,NA,NA,NA,NA,NA,NA,NA
"California Institute of...",NA,2,NA,NA,NA,NA,NA,NA,NA
"CALCC",NA,2,NA,NA,NA,NA,NA,NA,NA
"Southwest Climate Adapta...",NA,2,NA,NA,NA,NA,NA,NA,NA
"California State Board o...",NA,2,NA,NA,NA,NA,NA,NA,NA
"CSLC",NA,2,NA,NA,NA,NA,NA,NA,NA
"California Water Board -...",NA,2,NA,NA,NA,NA,NA,NA,NA
"CVFPB",NA,2,NA,NA,NA,NA,NA,NA,NA
"Chapman University",NA,2,NA,NA,NA,NA,NA,NA,NA
"Santa Clara University",NA,2,NA,NA,NA,NA,NA,NA,NA
"Utah State University",NA,2,NA,NA,NA,NA,NA,NA,NA
"Purdue University",NA,2,NA,NA,NA,NA,NA,NA,NA
"Suisun Resource Conserva...",NA,2,NA,NA,NA,NA,NA,NA,NA
"CAMT",NA,2,NA,NA,NA,NA,NA,NA,NA
"Delta Conservancy",NA,2,NA,NA,NA,NA,NA,NA,NA
"Conservation Farms and R...",NA,2,NA,NA,NA,NA,NA,NA,NA
"UC Merced",NA,2,NA,NA,NA,NA,NA,NA,NA
"Cramer Fish Sciences",NA,2,NA,NA,NA,NA,NA,NA,NA
"DRI",NA,2,NA,NA,NA,NA,NA,NA,NA
"FESSRO",NA,2,NA,NA,NA,NA,NA,NA,NA
"University of South Caro...",NA,2,NA,NA,NA,NA,NA,NA,NA
"Manomet Inc.",NA,2,NA,NA,NA,NA,NA,NA,NA
"Metropolitan Water Distr...",NA,2,NA,NA,NA,NA,NA,NA,NA
"RMP",NA,2,NA,NA,NA,NA,NA,NA,NA
"USFS",NA,2,NA,NA,NA,NA,NA,NA,NA
"DOEBER",NA,2,NA,NA,NA,NA,NA,NA,NA
"NASS",NA,2,NA,NA,NA,NA,NA,NA,NA
"U.S. Census Bureau",NA,2,NA,NA,NA,NA,NA,NA,NA
"DOE",NA,2,NA,NA,NA,NA,NA,NA,NA
"EIA",NA,2,NA,NA,NA,NA,NA,NA,NA
"WSWC",NA,2,NA,NA,NA,NA,NA,NA,NA
"ICWP",NA,2,NA,NA,NA,NA,NA,NA,NA
"NAIP",NA,2,NA,NA,NA,NA,NA,NA,NA
"Land IQ",NA,2,NA,NA,NA,NA,NA,NA,NA
"National Audubon Society",NA,2,NA,NA,NA,NA,NA,NA,NA
"NSF",NA,2,NA,NA,NA,NA,NA,NA,NA
"Cornell University - Lab...",NA,2,NA,NA,NA,NA,NA,NA,NA
"National Wetlands Invent...",NA,2,NA,NA,NA,NA,NA,NA,NA
"NatureServe",NA,2,NA,NA,NA,NA,NA,NA,NA
"Northwest Alliance for C...",NA,2,NA,NA,NA,NA,NA,NA,NA
"Audubon Canyon Ranch",NA,2,NA,NA,NA,NA,NA,NA,NA
"San Francisco Bay Bird O...",NA,2,NA,NA,NA,NA,NA,NA,NA
"Texas A&M",NA,2,NA,NA,NA,NA,NA,NA,NA
"UCSB",NA,2,NA,NA,NA,NA,NA,NA,NA
"Stanford University",NA,2,NA,NA,NA,NA,NA,NA,NA
"San Joaquin County Resou...",NA,2,NA,NA,NA,NA,NA,NA,NA
"San Joaquin Valley Drain...",NA,2,NA,NA,NA,NA,NA,NA,NA
"BIA",NA,2,NA,NA,NA,NA,NA,NA,NA
"NPS",NA,2,NA,NA,NA,NA,NA,NA,NA
"Pacific Flyway Council",NA,2,NA,NA,NA,NA,NA,NA,NA
"UBC",NA,2,NA,NA,NA,NA,NA,NA,NA
"Oregon State University",NA,2,NA,NA,NA,NA,NA,NA,NA
"Woodland-Davis Clean Wat...",NA,2,NA,NA,NA,NA,NA,NA,NA
"University of Kansas",NA,2,NA,NA,NA,NA,NA,NA,NA
